boxID,magnification,imageName,specimenNR,formation,colony.id,zooid.id,zh,oh,ow.m,ow.b,o.side,mpw.b,cw.m,cw.b,cw.d,c.side,zh.zw,oh.ow,area,ln.zh,ln.mpw.b,ln.cw.m,ln.cw.d,ln.ow.m,ln.oh,ln.o.side,ln.c.side,ln.area
260_852_410_695,x30,003i_CV_1_15v_x30_BSE,003iCV,NKBS,003iCV,260_852_410_695_003i_CV_1_15v_x30_BSE.tif,904.4650647,0.111997211,403.0357037,324.7933914,302.2248415,174.1686443,356.5884039,164.9917473,411.2719748,454.5250103,2.199189636,0.000277884,136604.8635,6.80734368,5.16002405,5.876582186,6.019254735,5.999025153,-2.189281309,5.711171249,6.11925294,11.82484783
571_1148_398_579,x30,003i_CV_1_15v_x30_BSE,003iCV,NKBS,003iCV,571_1148_398_579_003i_CV_1_15v_x30_BSE.tif,758.8337252,0.109045103,413.9941413,334.0229119,303.4814844,185.2893577,444.4951583,252.7770581,439.6753131,354.917323,1.725895684,0.000263398,122524.7864,6.631782682,5.221918699,6.096939162,6.08603653,6.025851822,-2.215993697,5.715320602,5.871884869,11.71606863
866_1481_404_564,x30,003i_CV_1_15v_x30_BSE,003iCV,NKBS,003iCV,866_1481_404_564_003i_CV_1_15v_x30_BSE.tif,827.5556992,0.108681228,448.8600512,355.0961875,340.2271213,190.2275991,483.4730053,284.0633382,475.8459058,351.2963583,1.739125396,0.000242127,144613.494,6.718476415,5.248221245,6.180995482,6.165094075,6.106711149,-2.219336199,5.829613398,5.861630193,11.8818199
331_1906_428_385,x30,003i_CV_1_15v_x30_BSE,003iCV,NKBS,003iCV,331_1906_428_385_003i_CV_1_15v_x30_BSE.tif,622.3485295,0.090453149,523.445765,414.9106873,306.6414051,198.3838787,537.5892182,343.6307688,549.7922915,258.229676,1.131970272,0.000172803,125654.36,6.433500273,5.290203935,6.287094734,6.309540555,6.260433424,-2.402923252,5.725679003,5.553849406,11.74129024
839_792_459_620,x30,003i_CV_1_15v_x30_BSE,003iCV,NKBS,003iCV,839_792_459_620_003i_CV_1_15v_x30_BSE.tif,823.9530223,0.103701924,466.7429835,358.6632809,297.1902338,216.2408878,400.64022,195.8975939,455.592003,392.7016088,1.808532671,0.000222182,137855.4029,6.714113516,5.376393008,5.993063818,6.121597679,6.14577875,-2.266234608,5.694372452,5.973050058,11.83396061
355_1507_496_620,x30,003i_CV_1_15v_x30_BSE,003iCV,NKBS,003iCV,355_1507_496_620_003i_CV_1_15v_x30_BSE.tif,749.054962,0.107416182,437.0913038,352.1623808,319.7241453,194.5305903,501.8780966,302.322661,487.0782886,339.2560766,1.537853318,0.000245752,133985.4703,6.618812361,5.270589427,6.218357255,6.188424867,6.080142106,-2.231044438,5.767458578,5.82675521,11.80548664
275_1615_456_548,x30,003i_CV_2_15v_x30_BSE,003iCV,NKBS,003iCV,275_1615_456_548_003i_CV_2_15v_x30_BSE.tif,710.9473181,0.106391178,444.4859689,335.9251263,273.9869125,158.4845835,455.3797724,265.6714429,432.7492866,324.7862975,1.642861907,0.000239358,112984.5419,6.566598332,5.065657324,6.121131735,6.070158545,6.096918489,-2.240632623,5.613080341,5.78316742,11.63500629
310_1253_374_541,x30,003i_CV_2_15v_x30_BSE,003iCV,NKBS,003iCV,310_1253_374_541_003i_CV_2_15v_x30_BSE.tif,685.7264647,0.097964302,430.5666013,349.9750638,227.7103584,201.9481089,412.2771432,213.3568285,425.9376072,332.3061091,1.609922329,0.000227524,107261.0752,6.530478809,5.308010778,6.021695801,6.054292874,6.065102019,-2.323152133,5.428074464,5.806056559,11.5830211
749_755_363_478,x30,003i_CV_2_15v_x30_BSE,003iCV,NKBS,003iCV,749_755_363_478_003i_CV_2_15v_x30_BSE.tif,608.8303899,0.115979844,342.0342692,276.169795,236.345661,163.8323852,358.2226625,198.2740392,357.5492931,275.5793728,1.702787284,0.000339088,79942.45743,6.411539723,5.098843864,5.881154755,5.879273236,5.834910934,-2.154338862,5.465295399,5.618875691,11.28906237
712_1788_429_510,x30,003i_CV_2_15v_x30_BSE,003iCV,NKBS,003iCV,712_1788_429_510_003i_CV_2_15v_x30_BSE.tif,638.2897157,0.104462717,414.9631877,323.9455079,227.1362866,189.4530301,440.7547203,237.5435325,423.1893147,320.6045353,1.508284103,0.00025174,99196.82886,6.45879228,5.244141132,6.088488531,6.047819631,6.028189812,-2.258925043,5.425550219,5.770208387,11.50486133
1086_1568_400_474,x30,003i_CV_2_15v_x30_BSE,003iCV,NKBS,003iCV,1086_1568_400_474_003i_CV_2_15v_x30_BSE.tif,691.4506479,0.111859932,358.2226625,282.158917,206.4344923,184.5309527,388.9141735,186.9936242,398.5139974,369.8662831,1.735072425,0.000312264,101192.894,6.538791779,5.217817215,5.963358686,5.987742623,5.881154755,-2.190507796,5.329983134,5.913141543,11.52478382
910_1701_440_668,x30,1003_CV_1_10v_x30_BSE,1003CV,Upper Kai-Iwi,1003CV,910_1701_440_668_1003_CV_1_10v_x30_BSE.tif,839.089034,0.094395616,478.6844007,402.9411039,297.5814669,224.3556977,447.2068976,251.0041483,489.0839685,405.8575094,1.715633895,0.000197198,150708.1439,6.73231682,5.413232729,6.103021346,6.192534189,6.171041509,-2.360260645,5.695688026,6.006002136,11.92310042
833_371_545_572,x30,1003_CV_1_10v_x30_BSE,1003CV,Upper Kai-Iwi,1003CV,833_371_545_572_1003_CV_1_10v_x30_BSE.tif,756.7495562,0.08350397,529.2606854,463.4584734,288.9071686,225.1129931,576.6093108,356.4547422,579.0551076,334.9163603,1.306869668,0.000157775,160922.7034,6.629032361,5.416602468,6.357164933,6.36139765,6.271481099,-2.482861098,5.666105421,5.81388083,11.98867943
569_1212_570_585,x30,1003_CV_1_10v_x30_BSE,1003CV,Upper Kai-Iwi,1003CV,569_1212_570_585_1003_CV_1_10v_x30_BSE.tif,788.8634529,0.08127124,556.1080589,497.031237,318.2058512,257.4310315,665.1168143,386.1950256,627.0822474,362.6620574,1.257990409,0.000146143,181665.137,6.670593242,5.550751845,6.499962686,6.441077708,6.320962626,-2.509963082,5.762698504,5.893471429,12.10992036
687_1483_592_638,x30,1003_CV_2_10v_x30_BSE,1003CV,Upper Kai-Iwi,1003CV,687_1483_592_638_1003_CV_2_10v_x30_BSE.tif,818.7612639,0.084795734,535.9404711,456.6427323,301.782173,238.9607601,598.5278406,305.3697131,600.090852,426.9398888,1.36439551,0.000158219,180434.4842,6.707792544,5.476299355,6.394473041,6.397081064,6.284023094,-2.467510041,5.709705476,6.056643228,12.10312302
861_1995_528_636,x30,1003_CV_2_10v_x30_BSE,1003CV,Upper Kai-Iwi,1003CV,861_1995_528_636_1003_CV_2_10v_x30_BSE.tif,772.4834708,0.084660273,521.9323519,459.2620028,284.6072203,213.9494787,557.6337086,328.5320655,581.3173252,353.0347125,1.328849902,0.000162205,164910.2729,6.649610612,5.365739906,6.323702311,6.365296779,6.257537985,-2.46910882,5.651110055,5.866566388,12.0131568
1140_1200_480_629,x30,1003_CV_2_10v_x30_BSE,1003CV,Upper Kai-Iwi,1003CV,1140_1200_480_629_1003_CV_2_10v_x30_BSE.tif,782.5001774,0.084773621,505.2227528,457.4262188,296.4098587,266.1322783,514.5658004,335.7994582,546.9021301,343.2394192,1.430786487,0.000167795,157159.0185,6.662494149,5.583993472,6.243323439,6.304269865,6.224999427,-2.467770862,5.691743154,5.838428219,11.96501343
256_1499_568_764,x30,1016_CV_1_15v_x30.BSE,1016CV,Upper Kai-Iwi,1016CV,256_1499_568_764_1016_CV_1_15v_x30.BSE.tif,882.9924914,0.083401218,546.6929706,476.8976898,309.684376,231.0289957,622.6044397,376.4691546,609.6349233,435.4699857,1.448395519,0.000152556,197684.2625,6.783316697,5.442543225,6.433911389,6.412860292,6.303887348,-2.484092363,5.735553637,6.076425875,12.1944264
582_1020_572_736,x30,1016_CV_1_15v_x30.BSE,1016CV,Upper Kai-Iwi,1016CV,582_1020_572_736_1016_CV_1_15v_x30.BSE.tif,955.7134094,0.089187773,516.7994376,437.0196538,309.3362485,228.7309676,549.1579594,321.2019818,554.9512556,479.8248997,1.722157396,0.000172577,194772.5572,6.862458087,5.432546499,6.308386122,6.318880282,6.247654864,-2.417011324,5.734428868,6.173421245,12.17958778
848_579_491_729,x30,1016_CV_1_15v_x30.BSE,1016CV,Upper Kai-Iwi,1016CV,848_579_491_729_1016_CV_1_15v_x30.BSE.tif,881.4105849,0.091948312,494.2926007,410.9209103,302.4432165,221.1775213,525.1389282,288.4014507,532.3770959,439.012407,1.655613271,0.00018602,172322.8516,6.781523562,5.398965643,6.263662853,6.277352065,6.203127651,-2.386528683,5.711893546,6.084527675,12.05712504
257_554_588_738,x30,1016_CV_1_15v_x30.BSE,1016CV,Upper Kai-Iwi,1016CV,257_554_588_738_1016_CV_1_15v_x30.BSE.tif,888.3728924,0.087412327,526.1232278,447.6359666,328.1108965,239.2739274,586.201235,310.5117752,608.5507893,440.0744448,1.459817172,0.000166144,198535.1354,6.789391579,5.477609035,6.373663135,6.411080375,6.265535459,-2.437118966,5.79335165,6.086943905,12.19872137
593_1936_540_717,x30,1016_CV_1_15v_x30.BSE,1016CV,Upper Kai-Iwi,1016CV,593_1936_540_717_1016_CV_1_15v_x30.BSE.tif,899.7501108,0.087552139,504.9235308,439.1578674,287.1956714,223.3155581,532.0854679,299.1353673,545.2041329,445.175152,1.650299505,0.000173397,180146.694,6.80211707,5.40858583,6.27680413,6.30116028,6.224406994,-2.435520786,5.660163765,6.098467805,12.10152676
15_1058_471_723,x30,1016_CV_2_15v_x30.BSE,1016CV,Upper Kai-Iwi,1016CV,15_1058_471_723_1016_CV_2_15v_x30.BSE.tif,925.3792313,0.097195303,473.2177271,406.3462247,327.7991351,198.1916196,491.322605,246.8086451,516.2590769,458.3509832,1.792470627,0.000205392,175441.6476,6.830203633,5.289234339,6.197100949,6.246608727,6.159555594,-2.331032887,5.792401028,6.127635229,12.07506177
634_1036_507_756,x30,1016_CV_2_15v_x30.BSE,1016CV,Upper Kai-Iwi,1016CV,634_1036_507_756_1016_CV_2_15v_x30.BSE.tif,952.8827843,0.096468206,486.8993575,407.8044896,301.0366075,208.2414103,480.5409729,242.9556285,500.9820547,488.7226343,1.902029774,0.000198128,175310.0843,6.8594919,5.338698033,6.174912496,6.216570281,6.188057444,-2.338541799,5.707231877,6.191795119,12.0743116
356_637_507_734,x30,1016_CV_2_15v_x30.BSE,1016CV,Upper Kai-Iwi,1016CV,356_637_507_734_1016_CV_2_15v_x30.BSE.tif,976.5519859,0.094306557,505.0825988,426.7774666,325.3369513,222.8700433,509.9116707,281.0129763,536.428013,497.7250939,1.820471643,0.000186715,192376.5204,6.884027986,5.406588836,6.234237516,6.284932374,6.224721978,-2.361204559,5.784861418,6.210047904,12.16720977
607_1274_530_831,x30,1025_CV_2_15V_x30_BSE,1025CV,Upper Kai-Iwi,1025CV,607_1274_530_831_1025_CV_2_15V_x30_BSE.tif,998.5789225,0.096588048,509.8262199,393.7675476,276.1595721,266.6791243,498.4536425,235.2802017,525.5017794,542.2248769,1.900238899,0.000189453,192708.9274,6.906333191,5.586046154,6.211510591,6.264353576,6.234069922,-2.337300273,5.620978859,6.295680817,12.16893618
127_1494_471_754,x30,1025_CV_2_15V_x30_BSE,1025CV,Upper Kai-Iwi,1025CV,127_1494_471_754_1025_CV_2_15V_x30_BSE.tif,880.039362,0.090008839,527.1495988,436.1839083,291.9704715,285.7407369,467.3493403,230.0900536,502.7806656,417.8215032,1.750344479,0.000170746,162489.729,6.779966636,5.655084885,6.14707703,6.220154022,6.267484377,-2.407847401,5.676652672,6.035054315,11.99837007
604_217_595_871,x30,1025_CV_2_15V_x30_BSE,1025CV,Upper Kai-Iwi,1025CV,604_217_595_871_1025_CV_2_15V_x30_BSE.tif,1039.091759,0.088300295,523.7915938,454.6137236,344.1564848,268.7946091,589.2175252,314.9006057,573.5789399,552.4289891,1.811593291,0.000168579,218873.0782,6.946102302,5.593947553,6.378795428,6.351895573,6.261093884,-2.427011829,5.841096452,6.314324899,12.29624729
883_1650_392_658,x30,1107_CC_1_10v_x30_BSE,1107CC,Waipuru,1107CC,883_1650_392_658_1107_CC_1_10v_x30_BSE.tif,875.1492685,0.120213296,382.9271833,307.6794515,325.7821517,167.4815878,290.5040407,132.1781148,366.3960942,403.8956055,2.38853329,0.000313933,117754.6912,6.774394464,5.120873421,5.671617486,5.903714973,5.947844849,-2.118487646,5.786228912,6.001156442,11.67635885
480_228_391_550,x30,1107_CC_1_10v_x30_BSE,1107CC,Waipuru,1107CC,480_228_391_550_1107_CC_1_10v_x30_BSE.tif,833.1911783,0.101782148,476.7691994,400.3648577,360.145562,209.8047084,431.5899264,229.2482507,481.511818,369.1975848,1.730364961,0.000213483,147331.9246,6.725263122,5.346177138,6.067475893,6.176930775,6.167032515,-2.284920552,5.886508289,5.911331961,11.90044331
742_567_409_646,x30,1107_CC_1_10v_x30_BSE,1107CC,Waipuru,1107CC,742_567_409_646_1107_CC_1_10v_x30_BSE.tif,709.8261112,0.107490811,384.7751732,298.5111571,224.014436,178.5917724,384.5203177,214.9019221,394.4757352,367.350166,1.79941641,0.00027936,102829.4501,6.565020026,5.1851026,5.951996629,5.977557631,5.952659198,-2.230349913,5.411710496,5.906315524,11.54082707
507_907_423_623,x30,1107_CC_1_10v_x30_BSE,1107CC,Waipuru,1107CC,507_907_423_623_1107_CC_1_10v_x30_BSE.tif,733.7131739,0.104943297,384.8813132,320.735371,236.2692553,187.1973844,427.5806511,247.964406,418.0425279,372.1341878,1.755116106,0.000272664,112639.8415,6.598118181,5.232163592,6.058142928,6.035583169,5.952935009,-2.254335107,5.464972067,5.919254509,11.63195076
1143_1303_440_635,x30,1107_CC_1_10v_x30_BSE,1107CC,Waipuru,1107CC,1143_1303_440_635_1107_CC_1_10v_x30_BSE.tif,656.8175013,0.097092481,442.7642133,362.1238157,237.3377631,196.7090834,462.0491513,320.2850847,452.5094291,314.9681958,1.451500144,0.000219287,109148.4563,6.487406204,5.281725903,6.135671274,6.114808601,6.093037378,-2.332091345,5.469484287,5.752471668,11.60046422
730_664_385_708,x30,1107_CC_3_10v_x30_BSE,1107CC,Waipuru,1107CC,730_664_385_708_1107_CC_3_10v_x30_BSE.tif,865.1791734,0.102904641,413.7309578,353.8978843,276.6183177,166.8626107,354.1209526,210.3555905,428.0166706,425.1077461,2.021367934,0.000248724,135991.5705,6.762936622,5.117170783,5.869638529,6.059162145,6.025215902,-2.273952534,5.622638642,6.052342657,11.82034818
128_593_392_678,x30,1107_CC_3_10v_x30_BSE,1107CC,Waipuru,1107CC,128_593_392_678_1107_CC_3_10v_x30_BSE.tif,882.9369798,0.107951034,431.6056995,341.5323377,304.1754473,186.2567797,376.4293704,185.3040533,437.8195979,457.6977019,2.016668473,0.000250115,141961.3605,6.783253827,5.227126257,5.930730434,6.081806949,6.067512439,-2.226077544,5.717604664,6.126208927,11.86331019
365_926_402_674,x30,1107_CC_3_10v_x30_BSE,1107CC,Waipuru,1107CC,365_926_402_674_1107_CC_3_10v_x30_BSE.tif,844.9425001,0.104404457,437.5458517,353.5553161,290.4614322,185.0614268,383.8647046,192.617451,447.3895305,433.1625139,1.888605885,0.000238614,138821.9756,6.739268578,5.220687807,5.950290159,6.103429648,6.081181504,-2.259482916,5.671470804,6.071112978,11.84094764
1154_1355_430_561,x30,1107_CC_3_10v_x30_BSE,1107CC,Waipuru,1107CC,1154_1355_430_561_1107_CC_3_10v_x30_BSE.tif,722.7798122,0.104176757,431.7160947,352.4560878,285.3088962,189.5320662,431.0090769,262.5059355,460.8216919,321.7219175,1.568458744,0.000241308,122316.2552,6.583104628,5.244558225,6.06612915,6.133011183,6.067768184,-2.26166624,5.65357244,5.773687562,11.71436523
866_1412_430_612,x30,1112_CV_1_15v_x30_BSE,1112CV,Waipuru,1112CV,866_1412_430_612_1112_CV_1_15v_x30_BSE.tif,709.1218166,0.112425045,416.0019859,323.7016458,301.7076551,181.6381242,438.9718098,287.701905,425.1313186,321.8453012,1.668006533,0.000270251,110710.5976,6.564027326,5.202016379,6.084435196,6.052398106,6.030690034,-2.18546855,5.709458519,5.774070999,11.61467485
302_648_504_673,x30,1112_CV_1_15v_x30_BSE,1112CV,Waipuru,1112CV,302_648_504_673_1112_CV_1_15v_x30_BSE.tif,749.752616,0.097968724,469.6944782,387.4094065,300.9443974,205.1587193,464.0515183,318.8279383,492.2915475,340.9687453,1.522984946,0.00020858,135545.6602,6.619743307,5.32378392,6.139995577,6.199071117,6.152082437,-2.32310699,5.706925522,5.831790817,11.81706384
1158_1040_445_671,x30,1112_CV_1_15v_x30_BSE,1112CV,Waipuru,1112CV,1158_1040_445_671_1112_CV_1_15v_x30_BSE.tif,799.172379,0.1044671,420.312935,349.7454584,282.8213792,202.4598481,379.4733766,226.2171011,437.6049705,386.9665469,1.826241549,0.000248546,128430.4369,6.683576666,5.310541586,5.938784441,6.08131661,6.040999517,-2.258883092,5.644815529,5.958338247,11.76314269
307_1393_472_635,x30,1112_CV_1_15v_x30_BSE,1112CV,Waipuru,1112CV,307_1393_472_635_1112_CV_1_15v_x30_BSE.tif,724.9090587,0.099432275,454.3351126,377.8301367,281.0850122,192.617451,475.619812,337.3164951,478.7441273,332.1645534,1.514188932,0.000218852,127447.7682,6.586046211,5.260706103,6.164618821,6.171166274,6.118835059,-2.308278521,5.638657158,5.805630489,11.7554619
1150_354_440_658,x30,1112_CV_1_15v_x30_BSE,1112CV,Waipuru,1112CV,1150_354_440_658_1112_CV_1_15v_x30_BSE.tif,824.0339872,0.102133252,416.9728966,358.21126,270.1773655,180.600742,382.2723996,218.5767993,426.8699735,398.6617157,1.930409817,0.00024494,129177.2337,6.714211776,5.196288749,5.946133442,6.056479455,6.033021224,-2.28147693,5.599078653,5.988113227,11.76894065
578_330_409_637,x30,1112_CV_1_15v_x30_BSE,1112CV,Waipuru,1112CV,578_330_409_637_1112_CV_1_15v_x30_BSE.tif,814.6201351,0.103103757,445.1929917,367.3202091,307.7516538,153.1011684,425.333034,258.5919678,464.1893953,366.5679231,1.754930516,0.000231593,138865.8968,6.702721913,5.031098934,6.052872472,6.140292648,6.098507877,-2.272019451,5.729293139,5.904183833,11.84126398
885_693_407_667,x30,1112_CV_1_15v_x30_BSE,1112CV,Waipuru,1112CV,885_693_407_667_1112_CV_1_15v_x30_BSE.tif,799.1161561,0.107575622,411.1594018,337.2155716,284.186691,200.0038122,400.9934944,219.4719472,433.9965365,386.0817108,1.84129616,0.00026164,127362.4554,6.683506312,5.298336427,5.993945204,6.073036554,6.018980978,-2.229561216,5.649631385,5.956049033,11.75479228
592_1041_425_628,x30,1112_CV_1_15v_x30_BSE,1112CV,Waipuru,1112CV,592_1041_425_628_1112_CV_1_15v_x30_BSE.tif,804.0792046,0.103149039,442.3550425,368.0459927,303.7667144,204.6470759,464.8693806,279.0535897,474.863477,374.8347314,1.693285004,0.000233182,140220.9312,6.689697777,5.321286914,6.141756464,6.163027346,6.092112823,-2.271580354,5.71626002,5.926485213,11.85097454
100_1294_479_636,x30,1112_CV_2_15v_x30_BSE,1112CV,Waipuru,1112CV,100_1294_479_636_1112_CV_2_15v_x30_BSE.tif,879.9341518,0.109523578,407.5606942,336.9893934,310.7662124,182.0424471,420.711181,223.5105722,452.8222389,434.5602279,1.943222033,0.000268729,146326.5623,6.779847077,5.204239886,6.041946567,6.11549964,6.010189864,-2.211615427,5.739040901,6.074334549,11.89359613
1008_1018_442_694,x30,1112_CV_2_15v_x30_BSE,1112CV,Waipuru,1112CV,1008_1018_442_694_1112_CV_2_15v_x30_BSE.tif,863.0615448,0.102606267,439.095857,358.9402894,288.5225849,203.2987227,441.0357361,269.0173895,455.4575021,431.8108829,1.894933206,0.000233676,144356.0117,6.760486003,5.314676438,6.089125907,6.121302413,6.084717742,-2.276856263,5.664773367,6.067987721,11.88003783
823_658_420_705,x30,1112_CV_2_15v_x30_BSE,1112CV,Waipuru,1112CV,823_658_420_705_1112_CV_2_15v_x30_BSE.tif,878.1917139,0.105237838,429.6644394,353.8978843,299.5203478,188.9925284,453.8763804,293.8683989,475.4795226,450.4943023,1.846960115,0.00024493,153343.8636,6.777864923,5.241707482,6.117824871,6.164323816,6.06300453,-2.251532364,5.702182354,6.11034543,11.94043815
465_981_519_612,x30,1112_CV_2_15v_x30_BSE,1112CV,Waipuru,1112CV,465_981_519_612_1112_CV_2_15v_x30_BSE.tif,789.174059,0.096607394,501.9784621,389.669619,314.7721881,201.320132,511.1251287,302.7187132,528.8206052,363.1287299,1.492328497,0.000192453,153259.152,6.670986904,5.304896338,6.23661443,6.270649254,6.218557215,-2.337100003,5.751849165,5.894757399,11.93988557
683_1397_550_650,x30,1112_CV_2_15v_x30_BSE,1112CV,Waipuru,1112CV,683_1397_550_650_1112_CV_2_15v_x30_BSE.tif,783.9586482,0.101676798,458.6894806,375.2012244,326.146285,205.5763895,496.3953104,331.2395437,489.3984392,350.6492304,1.6018822,0.000221668,140896.7526,6.664356274,5.32581769,6.207372606,6.193176962,6.128373468,-2.285956145,5.787346008,5.85978638,11.85578265
217_1724_453_560,x30,1112_CV_2_15v_x30_BSE,1112CV,Waipuru,1112CV,217_1724_453_560_1112_CV_2_15v_x30_BSE.tif,760.8763982,0.107025883,426.2475579,341.149418,301.3069214,181.3230274,377.0365266,195.814174,432.7618712,341.1435348,1.758187236,0.000251089,120922.8435,6.634470924,5.200280123,5.93234207,6.070187626,6.055020299,-2.234684579,5.708129418,5.832303312,11.70290796
767_906_406_702,x30,118_CC_1_10v_x30_BSE,118CC,Waipuru,118CC,767_906_406_702_118_CC_1_10v_x30_BSE.tif,879.7995264,0.108398786,408.0714953,343.5554794,329.4273134,171.6171617,435.9747216,261.1226461,456.3116555,427.4706641,1.928067179,0.000265637,147431.5849,6.779694071,5.145266192,6.077584264,6.123176031,6.011442393,-2.221938392,5.797355733,6.057885664,11.90111952
548_1245_538_627,x30,118_CC_1_10v_x30_BSE,118CC,Waipuru,118CC,548_1245_538_627_118_CC_1_10v_x30_BSE.tif,660.0598185,0.102145791,412.6237541,358.9402894,294.0676566,183.1757499,506.7618883,337.126734,508.9361459,302.9725189,1.296940341,0.000247552,123364.9652,6.492330465,5.210446074,6.228041245,6.232322559,6.022536171,-2.281354167,5.683809865,5.713642105,11.72290244
264_821_374_593,x30,118_CC_1_10v_x30_BSE,118CC,Waipuru,118CC,264_821_374_593_118_CC_1_10v_x30_BSE.tif,733.928399,0.129240952,330.0701299,265.9275612,288.8408701,120.5637258,254.468073,117.9031068,323.3060304,333.7446175,2.270073336,0.000391556,87139.03506,6.598411475,4.792178458,5.539175378,5.778599337,5.799305147,-2.046076774,5.665875914,5.810376082,11.37526023
225_1137_398_614,x30,118_CC_1_10v_x30_BSE,118CC,Waipuru,118CC,225_1137_398_614_118_CC_1_10v_x30_BSE.tif,798.9253094,0.127023343,349.2156233,268.6578115,285.3188062,118.1338372,269.5078685,128.5223266,324.2059852,374.0601331,2.464252191,0.000363739,95120.13457,6.683267461,4.771818195,5.596597587,5.781379071,5.855689563,-2.063384406,5.653607173,5.924416568,11.46289595
522_514_451_557,x30,118_CC_1_10v_x30_BSE,118CC,Waipuru,118CC,522_514_451_557_118_CC_1_10v_x30_BSE.tif,678.924094,0.110545691,387.6904587,325.8480541,299.5991628,168.9707739,406.5974454,267.5761783,431.403761,264.953163,1.573755622,0.000285139,107559.9017,6.520509331,5.129725765,6.007823618,6.067044452,5.960207234,-2.202326352,5.702445457,5.579553067,11.5858032
620_1483_377_643,x30,118_CC_2_10v_x30_BSE,118CC,Waipuru,118CC,620_1483_377_643_118_CC_2_10v_x30_BSE.tif,843.0663838,0.117477677,376.3425538,303.9620086,294.8961781,149.2190857,283.3098341,141.9141914,357.328365,382.7849678,2.359360371,0.000312156,110630.4078,6.737045702,5.0054156,5.646541119,5.878655149,5.930499776,-2.141506949,5.686623356,5.94747339,11.61395027
750_486_419_573,x30,118_CC_2_10v_x30_BSE,118CC,Waipuru,118CC,750_486_419_573_118_CC_2_10v_x30_BSE.tif,782.9298306,0.101574193,425.3842481,353.4975472,279.8250679,165.387372,313.6398978,170.3750429,415.0681686,368.4989258,1.886268064,0.000238782,119340.4078,6.663043076,5.108290432,5.748245506,6.028442768,6.052992874,-2.286965782,5.63416465,5.909437797,11.68973526
1007_859_369_638,x30,118_CC_2_10v_x30_BSE,118CC,Waipuru,118CC,1007_859_369_638_118_CC_2_10v_x30_BSE.tif,855.7501851,0.107023353,395.6440544,321.3587804,253.5047074,159.8617321,342.1258122,180.2007398,398.5652415,456.0854222,2.147076804,0.000270504,125254.0195,6.751978494,5.074309267,5.835178541,5.987871203,5.980514955,-2.234708218,5.535382392,6.122680121,11.73809911
1237_1361_480_553,x30,118_CC_2_10v_x30_BSE,118CC,Waipuru,118CC,1237_1361_480_553_118_CC_2_10v_x30_BSE.tif,708.8644883,0.099390447,415.5173182,352.3208584,253.2271918,143.1179281,419.6548406,223.0410309,454.1312888,349.4314795,1.560924133,0.000239197,118219.7111,6.563664377,4.963668962,6.039432565,6.118386339,6.029524294,-2.308699272,5.534287077,5.856307489,11.68030013
285_1109_437_678,x30,118_CC_2_10v_x30_BSE,118CC,Waipuru,118CC,285_1109_437_678_118_CC_2_10v_x30_BSE.tif,839.0500903,0.108568817,407.7109963,343.0597423,321.4555213,133.2552953,379.971771,211.6332613,436.8077504,388.0411727,1.920868138,0.000266289,134593.3096,6.732270407,4.892266802,5.940096963,6.079493168,6.010558581,-2.220371045,5.772859187,5.961111449,11.81001299
213_486_411_563,x30,118_CC_2_10v_x30_BSE,118CC,Waipuru,118CC,213_486_411_563_118_CC_2_10v_x30_BSE.tif,780.0412244,0.116356111,391.6283481,294.2341863,269.7719334,147.6874643,253.4225847,138.1612917,351.4580321,371.5822241,2.219443442,0.000297108,100678.3934,6.65934677,4.995098313,5.535058391,5.862090307,5.970313298,-2.15109987,5.597576911,5.91777017,11.51968649
1072_254_433_593,x30,118_CC_2_10v_x30_BSE,118CC,Waipuru,118CC,1072_254_433_593_118_CC_2_10v_x30_BSE.tif,787.0370317,0.113053054,387.8765437,303.0648342,275.3332979,168.0982856,310.2046896,182.1246992,364.2830378,388.2379366,2.160509686,0.000291467,105288.1186,6.668275302,5.124548842,5.737232369,5.897931142,5.960687103,-2.179898068,5.617982356,5.96161839,11.56445586
487_778_437_571,x30,118_CC_2_10v_x30_BSE,118CC,Waipuru,118CC,487_778_437_571_118_CC_2_10v_x30_BSE.tif,757.9288938,0.106751459,408.2449554,343.0200524,302.8812313,165.1484621,441.1993222,287.1334547,445.0002787,353.461117,1.70320993,0.000261489,123860.8326,6.630589574,5.10684484,6.089496751,6.098074909,6.011867375,-2.23725196,5.713340753,5.867773485,11.7269139
450_243_472_638,x30,388_CV_1_15v_x30_BSE,388CV,NKBS,388CV,450_243_472_638_388_CV_1_15v_x30_BSE.tif,786.6580849,0.10449659,464.4269171,377.0040252,354.3330586,154.7464185,436.3992346,276.7656844,472.2615446,319.6737715,1.665725473,0.000225001,136431.2449,6.6677937,5.041787768,6.0785575,6.157532952,6.140804209,-2.258600844,5.870237314,5.767301012,11.82357607
868_1026_349_643,x30,388_CV_1_15v_x30_BSE,388CV,NKBS,388CV,868_1026_349_643_388_CV_1_15v_x30_BSE.tif,797.0758243,0.128725103,364.8469697,283.8475702,330.5781402,107.2734189,279.9742155,151.1410632,329.0827905,310.8305818,2.422113362,0.000352819,96327.44842,6.680949811,4.675380892,5.634697511,5.796309362,5.899478005,-2.050076132,5.800843061,5.739248011,11.47550859
165_621_415_609,x30,388_CV_1_15v_x30_BSE,388CV,NKBS,388CV,165_621_415_609_388_CV_1_15v_x30_BSE.tif,806.6049813,0.106254064,425.8992471,370.6999391,362.2011198,153.5008299,383.4388427,237.2682526,450.4950495,311.2769835,1.790485783,0.000249482,133443.1149,6.692834058,5.033705973,5.949180137,6.110347088,6.054202809,-2.241922224,5.892199637,5.740683138,11.80143056
981_461_443_600,x30,388_CV_1_15v_x30_BSE,388CV,NKBS,388CV,981_461_443_600_388_CV_1_15v_x30_BSE.tif,759.9220424,0.12415904,376.772823,291.1080047,332.1360032,115.946846,291.1080047,154.9837935,323.3186639,288.5840529,2.350380993,0.000329533,90228.77594,6.633215852,4.753131862,5.673694349,5.778638413,5.931642414,-2.086191954,5.805544533,5.664986388,11.41010368
628_1304_375_658,x30,388_CV_1_15v_x30_BSE,388CV,NKBS,388CV,628_1304_375_658_388_CV_1_15v_x30_BSE.tif,1040.86701,0.101743148,514.536694,390.0153758,459.144419,199.3901976,469.3552031,253.1430586,495.8766467,435.1803464,2.099044222,0.000197737,189545.7923,6.947809308,5.295263697,6.151359844,6.2063272,6.243266872,-2.285303794,6.129364799,6.075760535,12.15238592
683_693_364_702,x30,388_CV_1_15v_x30_BSE,388CV,NKBS,388CV,683_693_364_702_388_CV_1_15v_x30_BSE.tif,925.7675764,0.121853136,390.6153569,310.7616065,342.6029614,146.204993,319.8809876,183.554435,357.4007531,428.2519604,2.590278752,0.000311952,121507.386,6.830623206,4.985009698,5.767949013,5.87885771,5.967723334,-2.104938763,5.83657223,6.059711715,11.70773033
326_995_391_596,x30,388_CV_1_15v_x30_BSE,388CV,NKBS,388CV,326_995_391_596_388_CV_1_15v_x30_BSE.tif,806.6049813,0.103976953,450.8907944,377.1628944,355.7113364,171.8153844,393.6188392,249.9605127,447.6359666,299.9654953,1.801921743,0.000230603,132596.2134,6.692834058,5.146420554,5.975383028,6.103980328,6.111225169,-2.26358601,5.874119549,5.703667452,11.7950638
1054_1110_345_651,x30,388_CV_2_15v_x30_BSE,388CV,NKBS,388CV,1054_1110_345_651_388_CV_2_15v_x30_BSE.tif,761.1465516,0.124818124,381.2024057,285.8645971,308.6178366,132.2707883,286.2834187,162.7986269,338.2838284,297.1371361,2.250023465,0.000327433,94557.23611,6.634825917,4.884851248,5.656982295,5.823885272,5.943330483,-2.08089761,5.732103737,5.69419377,11.4569606
651_314_461_658,x30,388_CV_2_15v_x30_BSE,388CV,NKBS,388CV,651_314_461_658_388_CV_2_15v_x30_BSE.tif,802.1499501,0.098483163,450.5434034,394.8069376,312.1343792,148.5240188,387.8203765,216.1716172,473.6692256,355.7588595,1.693481246,0.000218588,139532.6937,6.687295561,5.000746688,5.960542285,6.160509242,6.110454417,-2.317869676,5.743433798,5.87425314,11.84605422
33_447_418_661,x30,388_CV_2_15v_x30_BSE,388CV,NKBS,388CV,33_447_418_661_388_CV_2_15v_x30_BSE.tif,1315.147355,0.100557666,627.1690895,488.9002018,572.0473809,231.1703915,584.589444,359.6943386,606.6707746,565.8577001,2.167810632,0.000160336,293003.4528,7.181703995,5.443155064,6.370909796,6.407986263,6.441216184,-2.297023924,6.349221822,6.338342633,12.58793967
866_729_409_700,x30,388_CV_2_15v_x30_BSE,388CV,NKBS,388CV,866_729_409_700_388_CV_2_15v_x30_BSE.tif,805.3227955,0.104660676,447.7089587,371.5217447,336.8133879,133.6735522,381.2452631,223.2667779,444.0047957,320.6928452,1.813770489,0.000233769,131311.5421,6.691243185,4.89540065,5.943442903,6.095835363,6.104143375,-2.257031816,5.819529032,5.770483797,11.78532796
326_1285_418_655,x30,390_CC_1_15v_x30_BSE,390CC,NKBS,390CC,326_1285_418_655_390_CC_1_15v_x30_BSE.tif,829.035087,0.106145912,462.6234019,357.0806107,335.5190357,175.2674126,378.4962027,234.5325149,447.4412629,365.4445023,1.852835569,0.000229443,136224.1767,6.720262479,5.16631288,5.93620604,6.103545273,6.136913336,-2.242940602,5.815678693,5.901114427,11.82205717
676_1012_377_615,x30,390_CC_1_15v_x30_BSE,390CC,NKBS,390CC,676_1012_377_615_390_CC_1_15v_x30_BSE.tif,838.186372,0.106529859,426.218809,353.4975472,332.1101566,201.9413669,319.7788191,177.3063724,406.1585452,356.5529662,2.06369257,0.000249942,125020.5596,6.731240477,5.307977392,5.767629567,6.006743589,6.054952851,-2.23932997,5.805466711,5.876482802,11.73623348
942_1329_400_634,x30,390_CC_1_15v_x30_BSE,390CC,NKBS,390CC,942_1329_400_634_390_CC_1_15v_x30_BSE.tif,825.7505546,0.104620082,457.7832577,377.9022004,359.1772796,174.1686443,408.1649061,266.8271419,449.9265021,353.6299602,1.83530099,0.000228536,136438.1109,6.716292736,5.16002405,6.011671274,6.109084241,6.126395836,-2.257419759,5.883816082,5.868251056,11.82362639
310_618_393_591,x30,390_CC_1_15v_x30_BSE,390CC,NKBS,390CC,310_618_393_591_390_CC_1_15v_x30_BSE.tif,782.8985278,0.114971506,402.3493512,312.347949,317.5325509,152.468461,334.3488436,199.5608354,377.8121186,332.1619576,2.072190089,0.00028575,108624.2045,6.663003094,5.026957761,5.81218489,5.934397031,5.997320744,-2.163070957,5.760580336,5.805622674,11.59564954
846_692_386_640,x30,390_CC_1_15v_x30_BSE,390CC,NKBS,390CC,846_692_386_640_390_CC_1_15v_x30_BSE.tif,816.5582767,0.12650767,379.6276261,276.071177,317.3940367,125.5102104,325.5010624,183.3540521,348.2473784,354.4659796,2.344765036,0.000333241,104428.8004,6.705098284,4.832387113,5.785365726,5.852913085,5.939190841,-2.067452339,5.76014402,5.870612374,11.55626078
18_1012_417_635,x30,452_CC_1_10v_x30_BSE,452CC,NKLS,452CC,18_1012_417_635_452_CC_1_10v_x30_BSE.tif,804.063965,0.106894468,396.2595649,335.6696869,291.8370992,204.8598621,415.8939671,231.0761372,411.2918374,372.4783529,1.954971852,0.000269759,121446.7614,6.689678824,5.322326146,6.030430341,6.019303029,5.982069463,-2.235913208,5.676195767,5.920178923,11.70723127
614_947_454_615,x30,452_CC_1_10v_x30_BSE,452CC,NKLS,452CC,614_947_454_615_452_CC_1_10v_x30_BSE.tif,819.1103996,0.109349271,417.7558225,337.9415478,317.9140691,204.7867418,306.4201368,160.2785157,383.6376371,326.655596,2.135114807,0.000261754,115400.8202,6.708218873,5.321969154,5.724957156,5.949698454,6.034897105,-2.213208197,5.761781123,5.788906393,11.65616674
251_669_433_566,x30,452_CC_1_10v_x30_BSE,452CC,NKLS,452CC,251_669_433_566_452_CC_1_10v_x30_BSE.tif,794.4854814,0.108551039,368.2235175,327.3321833,290.4482088,163.3663366,330.1814848,156.8438228,389.4389439,360.4101048,2.040077126,0.000294797,113624.1356,6.677694712,5.095995143,5.799642457,5.964707098,5.908690138,-2.220534807,5.671425277,5.887242563,11.64065122
484_358_385_591,x30,452_CC_1_10v_x30_BSE,452CC,NKLS,452CC,484_358_385_591_452_CC_1_10v_x30_BSE.tif,687.9941478,0.112124552,375.4841625,309.0041395,278.2188286,180.9547211,335.0647774,174.3405392,350.6474469,264.6217906,1.962068037,0.000298613,88593.25808,6.533780332,5.19824684,5.814323879,5.859781294,5.928216293,-2.188144958,5.628407957,5.578301601,11.39181104
414_1281_548_619,x30,452_CC_1_10v_x30_BSE,452CC,NKLS,452CC,414_1281_548_619_452_CC_1_10v_x30_BSE.tif,789.0273992,0.10751322,407.6041205,334.9875628,309.2326289,211.227568,343.6307688,170.4788985,404.6270573,337.9443456,1.950011461,0.000263769,117244.4391,6.670801047,5.352936073,5.839567734,6.002965797,6.010296411,-2.230141465,5.734093838,5.822881224,11.67201626
759_1661_401_593,x30,452_CC_1_10v_x30_BSE,452CC,NKLS,452CC,759_1661_401_593_452_CC_1_10v_x30_BSE.tif,876.0899977,0.11137574,406.6911948,329.1613903,319.6007188,185.1129196,267.4693015,139.4853166,338.8789742,367.7920535,2.585259235,0.000273858,109028.1377,6.775468823,5.220966015,5.589004799,5.825643035,6.008054162,-2.194845749,5.767072463,5.907517706,11.59936127
110_1619_477_644,x30,452_CC_1_10v_x30_BSE,452CC,NKLS,452CC,110_1619_477_644_452_CC_1_10v_x30_BSE.tif,912.720278,0.103205608,402.3459672,348.7903951,300.5384757,185.5537003,343.0200524,123.6853446,394.0060553,459.9237672,2.316513327,0.00025651,132064.4248,6.816429457,5.22334433,5.837788907,5.976366278,5.997312333,-2.271032083,5.705575785,6.131060752,11.79104515
520_1976_539_645,x30,452_CC_2_10v_x30_BSE,452CC,NKLS,452CC,520_1976_539_645_452_CC_2_10v_x30_BSE.tif,848.4993831,0.092922845,487.7626524,410.0186903,318.5217902,188.7041441,363.1263015,193.6396754,468.3707875,379.8417448,1.811597576,0.000190508,145944.1123,6.743469358,5.240180413,5.894750712,6.149260263,6.18982892,-2.375985751,5.763690888,5.939754705,11.89097903
236_628_435_556,x30,452_CC_2_10v_x30_BSE,452CC,NKLS,452CC,236_628_435_556_452_CC_2_10v_x30_BSE.tif,657.0164704,0.103567003,434.3070056,351.9535453,295.9990216,180.140285,384.5026131,229.4263537,414.7465807,229.0416791,1.584139571,0.000238465,100070.0967,6.487709087,5.193735908,5.951950585,6.027667685,6.07375167,-2.267536507,5.690356149,5.433903992,11.51362619
446_949_515_635,x30,452_CC_2_10v_x30_BSE,452CC,NKLS,452CC,446_949_515_635_452_CC_2_10v_x30_BSE.tif,807.981188,0.097784582,445.9843814,380.3442433,310.3483497,190.7993266,389.0541815,210.3555905,428.0166706,350.6277898,1.887732987,0.000219256,127001.0122,6.694538776,5.251222229,5.963718618,6.059162145,6.100283932,-2.324988358,5.737695375,5.859725233,11.75195034
1021_929_452_667,x30,452_CC_2_10v_x30_BSE,452CC,NKLS,452CC,1021_929_452_667_452_CC_2_10v_x30_BSE.tif,780.5297972,0.096710156,431.5015867,371.906341,266.097389,175.0419882,392.9610822,201.5634519,444.3358498,374.9519684,1.756621253,0.000224125,127363.8239,6.659972916,5.165025878,5.97371058,6.096580695,6.067271188,-2.336036856,5.583862366,5.926797934,11.75480303
529_1112_421_693,x30,454_CV_1_15v_x30_BSE,454CV,NKLS,454CV,529_1112_421_693_454_CV_1_15v_x30_BSE.tif,791.0127584,0.090810989,472.235597,434.0059479,314.5156637,184.2355848,531.6630914,326.0234995,548.9496595,342.8466121,1.440956825,0.0001923,159463.487,6.673314097,5.216215291,6.276010002,6.308006742,6.157478007,-2.398974973,5.75103388,5.837283152,11.97957025
846_1508_445_676,x30,454_CV_1_15v_x30_BSE,454CV,NKLS,454CV,846_1508_445_676_454_CV_1_15v_x30_BSE.tif,759.2929091,0.089046016,480.6061346,426.0622537,271.2073154,186.73132,480.243383,293.7479135,523.1673758,328.4480732,1.451338413,0.000185279,145879.8293,6.632387618,5.229670792,6.174293023,6.259901443,6.175048088,-2.418602004,5.60288353,5.794378753,11.89053847
238_1474_451_682,x30,454_CV_1_15v_x30_BSE,454CV,NKLS,454CV,238_1474_451_682_454_CV_1_15v_x30_BSE.tif,874.8800806,0.093178402,465.3845688,414.7465807,316.560266,244.2745912,462.2848276,255.8607332,501.9215004,402.6727721,1.743061574,0.000200218,161261.0846,6.774086826,5.498292966,6.136181211,6.218443734,6.142864094,-2.373239317,5.757513637,5.998124252,11.99077997
794_707_443_646,x30,454_CV_1_15v_x30_BSE,454CV,NKLS,454CV,794_707_443_646_454_CV_1_15v_x30_BSE.tif,778.9897553,0.087934471,479.460266,433.6010725,298.4944258,179.50428,505.478703,306.1534216,545.009311,346.9667718,1.429314582,0.000183403,155912.4932,6.657997895,5.190199052,6.225505907,6.300802879,6.172661025,-2.431163386,5.698751259,5.849229017,11.95705019
498_419_406_701,x30,454_CV_2_15v_x30_BSE,454CV,NKLS,454CV,498_419_406_701_454_CV_2_15v_x30_BSE.tif,838.1961182,0.087814969,485.6225654,427.4214091,268.3659864,193.5201078,414.5889773,249.9605127,495.3244561,391.1360114,1.6922163,0.00018083,152468.6886,6.731252104,5.265381423,6.027287613,6.205213015,6.185431708,-2.432523302,5.59235167,5.969055355,11.93471453
823_728_507_652,x30,454_CV_2_15v_x30_BSE,454CV,NKLS,454CV,823_728_507_652_454_CV_2_15v_x30_BSE.tif,755.3448987,0.083244294,496.7681937,451.1594612,239.4063879,188.1043362,507.535071,282.8673576,551.0661773,399.2938883,1.370697259,0.000167572,152860.1583,6.627174464,5.236996789,6.229565814,6.311854906,6.208123506,-2.485975694,5.478162476,5.989697708,11.93727878
1159_428_454_459,x30,454_CV_2_15v_x30_BSE,454CV,NKLS,454CV,1159_428_454_459_454_CV_2_15v_x30_BSE.tif,562.5707569,0.098071722,391.1761332,353.139169,264.0624087,199.6767857,459.1048528,358.4506362,440.9678147,202.8510917,1.275763759,0.00025071,91102.29004,6.332516916,5.296699988,6.129278621,6.08897189,5.969157927,-2.322056206,5.576185472,5.312472171,11.41973822
1159_380_477_614,x30,530_CC_1_15v_x30.BSE,530CC,NKLS,530CC,1159_380_477_614_530_CC_1_15v_x30.BSE.tif,769.2052664,0.101209517,424.5672882,352.7649889,282.2952184,194.2434187,384.9555938,192.617451,443.636668,359.7759703,1.73386314,0.000238383,125318.4262,6.64535786,5.269112108,5.953127987,6.095005912,6.051070505,-2.29056249,5.642953397,5.885481533,11.73861319
291_408_446_702,x30,530_CC_1_15v_x30.BSE,530CC,NKLS,530CC,291_408_446_702_530_CC_1_15v_x30.BSE.tif,938.8786396,0.114495458,413.5301679,331.7160058,357.6198312,159.8617321,371.2577913,175.1974844,418.0490417,412.2719676,2.245857653,0.000276873,144139.1442,6.844686227,5.074309267,5.916896677,6.03559875,6.024730469,-2.167220121,5.879470498,6.021683247,11.87853439
815_674_515_622,x30,530_CC_1_15v_x30.BSE,530CC,NKLS,530CC,815_674_515_622_530_CC_1_15v_x30.BSE.tif,804.0385651,0.092276566,483.1180428,415.3763965,312.454166,197.4276073,465.0772809,230.1078049,529.9059891,367.7192656,1.517323038,0.000191002,156466.3517,6.689647235,5.285371972,6.142203587,6.272699612,6.180261019,-2.382965054,5.74445779,5.907319782,11.96059626
249_33_433_631,x30,530_CC_1_15v_x30.BSE,530CC,NKLS,530CC,249_33_433_631_530_CC_1_15v_x30.BSE.tif,737.4096159,0.107405262,407.0592866,353.3087696,340.1970742,164.1229935,452.9515106,304.7984777,480.3992864,288.6920176,1.534993154,0.000263857,130093.7398,6.603143526,5.100616107,6.115785079,6.174617605,6.008958842,-2.231146102,5.82952508,5.665360437,11.77601054
513_1889_519_570,x30,530_CC_1_15v_x30.BSE,530CC,NKLS,530CC,513_1889_519_570_530_CC_1_15v_x30.BSE.tif,732.816342,0.104155929,432.283396,375.9806024,363.1108796,142.4982226,531.1301625,358.3632634,509.3239068,277.761273,1.438802169,0.000240944,137067.4887,6.596895114,4.959329527,6.275007118,6.233084173,6.069081382,-2.261866184,5.894708241,5.626762015,11.8282287
730_217_484_571,x30,530_CC_1_15v_x30.BSE,530CC,NKLS,530CC,730_217_484_571_530_CC_1_15v_x30.BSE.tif,752.8171448,0.103947274,429.9305365,363.8230299,337.6125669,155.7287226,539.5862978,327.7229385,515.7181501,313.7394837,1.459745298,0.000241777,142576.2428,6.623822363,5.048115536,6.290802731,6.245560396,6.063623653,-2.263871491,5.821898986,5.748562972,11.86763217
681_1437_519_585,x30,530_CC_1_15v_x30.BSE,530CC,NKLS,530CC,681_1437_519_585_530_CC_1_15v_x30.BSE.tif,747.5101813,0.100624868,483.8586612,382.9129607,339.6266648,177.3370854,527.2503184,341.5522697,522.1331769,287.4805746,1.431646588,0.000207963,143332.1615,6.616747926,5.178052359,6.267675423,6.257922683,6.181792842,-2.296355856,5.82784697,5.661155291,11.87292002
159_1752_418_666,x30,530_CC_1_15v_x30.BSE,530CC,NKLS,530CC,159_1752_418_666_530_CC_1_15v_x30.BSE.tif,886.5118966,0.107348744,431.0501409,351.1169611,318.4948075,143.7160156,370.7880768,189.0213426,422.2133507,422.2196538,2.099677557,0.00024904,137455.3912,6.787294545,4.967839239,5.915630678,6.045510757,6.06622442,-2.231672451,5.763606172,6.045525685,11.83105472
1203_1467_419_567,x30,530_CC_1_15v_x30.BSE,530CC,NKLS,530CC,1203_1467_419_567_530_CC_1_15v_x30.BSE.tif,757.5317915,0.108295314,408.7382466,334.4465612,282.7559994,147.899348,342.6149527,163.3329966,403.8827337,337.196229,1.875623116,0.00026495,112357.3271,6.630065505,4.996531961,5.83660723,6.001124573,6.013074967,-2.222893394,5.644584333,5.820665043,11.62943949
286_747_415_618,x30,530_CC_1_15v_x30.BSE,530CC,NKLS,530CC,286_747_415_618_530_CC_1_15v_x30.BSE.tif,798.5042629,0.11072117,414.3524597,337.4173883,336.5794627,148.3313865,340.9298432,178.0726092,399.026143,331.621293,2.0011327,0.000267215,117010.2312,6.682740306,4.999448869,5.831676718,5.989026936,6.026716964,-2.200740223,5.818834266,5.803993634,11.67001666
1067_1771_448_657,x30,530_CC_2_15v_x30.BSE,530CC,NKLS,530CC,1067_1771_448_657_530_CC_2_15v_x30.BSE.tif,807.5041663,0.09461942,473.1026268,409.380632,306.2905543,192.907043,476.43782,259.9153959,531.4300008,370.2257314,1.519493,0.000199998,157592.697,6.693948215,5.262208431,6.166337221,6.275571488,6.159312335,-2.35789254,5.724534175,5.914112904,11.96776912
414_1773_397_740,x30,530_CC_2_15v_x30.BSE,530CC,NKLS,530CC,414_1773_397_740_530_CC_2_15v_x30.BSE.tif,987.8756665,0.111887661,436.2681791,345.7991566,358.2661062,156.0344244,360.6016471,174.5434696,414.3327438,428.9814504,2.384256811,0.000256465,150313.0864,6.895556846,5.050076652,5.887773878,6.02666938,6.078257144,-2.190259941,5.881276024,6.061413679,11.92047564
238_721_394_702,x30,530_CC_2_15v_x30.BSE,530CC,NKLS,530CC,238_721_394_702_530_CC_2_15v_x30.BSE.tif,929.1366922,0.112441059,430.4400962,338.9553023,337.3700091,155.9907894,338.4809858,176.5753676,393.8608939,410.1148398,2.359047843,0.000261223,134390.2375,6.834255867,5.049796963,5.824467919,5.975997786,6.064808165,-2.185326119,5.821180278,6.016437218,11.80850307
403_405_396_618,x30,530_CC_2_15v_x30.BSE,530CC,NKLS,530CC,403_405_396_618_530_CC_2_15v_x30.BSE.tif,769.1857958,0.111554001,420.6140826,329.3433388,311.3701496,125.0319917,296.9013291,161.6235338,368.9327627,319.1741601,2.08489425,0.000265217,104213.4391,6.645332547,4.828569638,5.693399858,5.910614413,6.041715745,-2.193246489,5.740982396,5.76573691,11.55419637
1060_1009_444_677,x30,530_CC_2_15v_x30.BSE,530CC,NKLS,530CC,1060_1009_444_677_530_CC_2_15v_x30.BSE.tif,893.3491082,0.098109149,454.0233451,380.9701776,300.7070179,174.1686443,333.6640192,152.388071,447.3895305,428.9342011,1.996803786,0.000216088,146775.0623,6.794977443,5.16002405,5.810134556,6.103429648,6.118148618,-2.321674659,5.706136428,6.06130353,11.89665651
745_1413_466_608,x30,530_CC_2_15v_x30.BSE,530CC,NKLS,530CC,745_1413_466_608_530_CC_2_15v_x30.BSE.tif,769.0406353,0.101272451,450.7971762,381.3630962,332.2345634,160.0745124,564.4167455,350.3055867,518.1938559,324.312622,1.484079031,0.000224652,146348.0014,6.64514381,5.075639409,6.335792889,6.250349411,6.111017518,-2.289940858,5.805841236,5.781707933,11.89374264
885_630_434_567,x30,530_CC_2_15v_x30.BSE,530CC,NKLS,530CC,885_630_434_567_530_CC_2_15v_x30.BSE.tif,752.6851077,0.094607696,470.2999247,396.0533551,313.7776329,191.4475909,460.975303,274.4339029,491.9733912,321.0358162,1.529930523,0.000201165,135987.8745,6.623646957,5.254614095,6.133344469,6.198424632,6.153370629,-2.358016449,5.74868456,5.771552694,11.820321
74_1814_442_444,x30,530_CC_2_15v_x30.BSE,530CC,NKLS,530CC,74_1814_442_444_530_CC_2_15v_x30.BSE.tif,993.1375268,0.114663409,482.0120432,365.7601089,446.968518,170.3590595,380.6483971,211.0663624,449.2481444,382.2175443,2.21066584,0.000237885,163847.9201,6.900869151,5.137908324,5.941876107,6.107575395,6.1779691,-2.16575432,6.102488162,5.945989934,12.00669396
756_203_482_629,x30,530_CC_2_15v_x30.BSE,530CC,NKLS,530CC,756_203_482_629_530_CC_2_15v_x30.BSE.tif,802.2331155,0.10977299,409.4537932,345.3578951,345.8755443,138.5057727,458.3658231,275.5330886,465.0333661,340.8694418,1.725108721,0.000268096,137002.9593,6.687399233,4.930912005,6.127667606,6.142109158,6.01482406,-2.209340775,5.846079012,5.831499535,11.82775781
214_1378_453_649,x30,530_CC_2_15v_x30.BSE,530CC,NKLS,530CC,214_1378_453_649_530_CC_2_15v_x30.BSE.tif,766.6166557,0.100994155,446.0332243,386.3113489,340.9569981,176.698696,484.7329892,307.0415712,518.7741948,302.8357196,1.477746317,0.000226427,146050.1018,6.641986879,5.174446,6.183598202,6.251468711,6.100393443,-2.29269264,5.831756364,5.713190479,11.891705
252_877_368_715,x30,610_CV_1_10v_x30_BSE,610CV,Tewkesbury,610CV,252_877_368_715_610_CV_1_10v_x30_BSE.tif,926.5790447,0.133847926,381.9445868,291.7060509,397.3170289,157.3205397,291.5940107,147.7888378,340.4622765,372.3554621,2.721532189,0.000350438,115850.1822,6.831499358,5.058285378,5.67536246,5.830304331,5.945275537,-2.011051005,5.984734524,5.919848941,11.6600531
890_1505_393_634,x30,610_CV_1_10v_x30_BSE,610CV,Tewkesbury,610CV,890_1505_393_634_610_CV_1_10v_x30_BSE.tif,836.0980834,0.102408645,466.5095594,371.9319666,346.0181556,185.7077264,392.1703176,225.6083982,449.5299082,356.0354415,1.859938723,0.000219521,138026.0526,6.728745931,5.224174074,5.971696229,6.108202388,6.145278512,-2.278784151,5.846491246,5.875030281,11.83519773
565_1852_438_627,x30,610_CV_1_10v_x30_BSE,610CV,Tewkesbury,610CV,565_1852_438_627_610_CV_1_10v_x30_BSE.tif,801.7238042,0.105353989,438.1273579,360.0877863,341.547764,177.7052279,476.5406865,290.6586626,485.6085469,349.3793874,1.650967244,0.000240464,142973.7633,6.686764165,5.180126154,6.166553106,6.18540284,6.082509639,-2.250429274,5.833487535,5.856158402,11.87041642
611_1163_419_632,x30,610_CV_1_10v_x30_BSE,610CV,Tewkesbury,610CV,611_1163_419_632_610_CV_1_10v_x30_BSE.tif,846.7292412,0.118823485,401.0444218,323.6385481,365.6187255,158.4158416,398.3602253,229.4263537,442.2565389,358.5805444,1.914565793,0.000296285,137519.4318,6.741380976,5.065223484,5.987356685,6.091890118,5.994072199,-2.130116204,5.901591057,5.882153305,11.83152051
650_1429_498_645,x30,610_CV_2_10v_x30_BSE,610CV,Tewkesbury,610CV,650_1429_498_645_610_CV_2_10v_x30_BSE.tif,793.2077357,0.113801805,403.9804833,313.4140826,299.5257104,184.206022,323.9371019,173.393008,381.9552808,355.6245014,2.076703152,0.000281701,111261.4481,6.676085149,5.216054816,5.780549367,5.945303536,6.001366568,-2.173296899,5.702200258,5.873875403,11.6196381
280_539_410_517,x30,610_CV_2_10v_x30_BSE,610CV,Tewkesbury,610CV,280_539_410_517_610_CV_2_10v_x30_BSE.tif,634.3548551,0.111583784,399.4967371,321.3587804,305.6185685,182.5950653,414.9402196,299.044323,408.6716204,229.3024906,1.552236131,0.000279311,95203.29865,6.452608506,5.207270943,6.028134461,6.012911949,5.990205598,-2.192979541,5.722337816,5.435042052,11.46376987
402_1190_392_639,x30,610_CV_2_10v_x30_BSE,610CV,Tewkesbury,610CV,402_1190_392_639_610_CV_2_10v_x30_BSE.tif,800.4576129,0.112913518,399.8748565,324.4578609,321.4856753,188.3285843,351.6865194,197.5379175,389.837297,341.8376982,2.053312033,0.000282372,114595.3446,6.68518358,5.238188226,5.862740209,5.965729465,5.991151639,-2.181133077,5.772952987,5.834336058,11.64916246
713_617_346_592,x30,610_CV_2_10v_x30_BSE,610CV,Tewkesbury,610CV,713_617_346_592_610_CV_2_10v_x30_BSE.tif,771.0244839,0.136965413,347.9031598,257.7640157,320.4054886,130.4883051,248.0741977,123.7073585,290.0772322,317.176823,2.657997245,0.000393688,82134.77287,6.647720129,4.871283607,5.513727886,5.670147205,5.851924165,-1.988026843,5.769587345,5.75945942,11.31611675
520_1056_412_652,x30,671_CC_1_10v_x30_BSE,671CC,Tewkesbury,671CC,520_1056_412_652_671_CC_1_10v_x30_BSE.tif,765.9325849,0.105155239,483.3406292,366.4295366,341.5043871,206.2706271,379.6276261,241.7702939,420.1930636,270.3477023,1.822811111,0.000217559,118191.0724,6.641094157,5.32918903,5.939190841,6.040714281,6.180721641,-2.25231755,5.833360526,5.599708917,11.68005785
1074_1045_393_682,x30,671_CC_1_10v_x30_BSE,671CC,Tewkesbury,671CC,1074_1045_393_682_671_CC_1_10v_x30_BSE.tif,904.77812,0.116106783,436.8919008,325.1871973,346.0613108,163.3746706,283.9482823,163.4996289,343.3334777,371.8083364,2.63527497,0.000265756,114078.4182,6.807689742,5.096046156,5.648792117,5.838702213,6.079685798,-2.153244972,5.846615958,5.918378497,11.64464137
233_731_401_577,x30,671_CC_1_10v_x30_BSE,671CC,Tewkesbury,671CC,233_731_401_577_671_CC_1_10v_x30_BSE.tif,742.6035931,0.103246117,465.5834661,365.2236833,313.6601171,213.2802376,376.5306311,240.9297436,424.1213022,284.2409588,1.750922647,0.000221756,115662.4482,6.61016238,5.36260697,5.930999401,6.050019504,6.143291385,-2.270639659,5.74830997,5.649822325,11.6584313
510_374_419_572,x30,671_CC_1_10v_x30_BSE,671CC,Tewkesbury,671CC,510_374_419_572_671_CC_1_10v_x30_BSE.tif,738.5165999,0.103972919,458.2024228,366.7860651,325.2851932,207.0085809,338.2999272,199.9970046,403.0357037,272.3427892,1.832385055,0.000226915,109307.2657,6.60464358,5.332760246,5.823932861,5.999025153,6.127311058,-2.26362481,5.784702315,5.607061527,11.60191815
745_701_406_661,x30,671_CC_1_10v_x30_BSE,671CC,Tewkesbury,671CC,745_701_406_661_671_CC_1_10v_x30_BSE.tif,823.5381586,0.108139616,460.8216919,349.8972483,336.3737302,189.8335376,326.1529343,176.8450367,400.0076245,323.508115,2.058806153,0.000234667,120975.4496,6.713609886,5.24614757,5.787366395,5.991483608,6.133011183,-2.224332149,5.818222834,5.779224199,11.70334291
18_1098_431_627,x30,671_CC_1_10v_x30_BSE,671CC,Tewkesbury,671CC,18_1098_431_627_671_CC_1_10v_x30_BSE.tif,728.5473876,0.103086387,457.4559827,371.2907957,322.8828272,186.4686469,403.8591355,273.4946281,447.2434302,273.2343081,1.628972811,0.000225347,119659.4558,6.591052672,5.228263112,6.001066143,6.103103033,6.125680667,-2.272187931,5.777289493,5.610329698,11.69240512
693_1730_384_567,x30,671_CC_1_10v_x30_BSE,671CC,Tewkesbury,671CC,693_1730_384_567_671_CC_1_10v_x30_BSE.tif,702.3502433,0.112083767,434.2411671,315.1858379,297.2327285,168.0577829,264.9838251,131.5379233,340.4502792,266.3594848,2.063003869,0.000258114,87811.75969,6.554432202,5.124307866,5.579668787,5.830269092,6.073600064,-2.18850877,5.69451543,5.584846843,11.38295071
919_1359_440_668,x30,671_CC_1_10v_x30_BSE,671CC,Tewkesbury,671CC,919_1359_440_668_671_CC_1_10v_x30_BSE.tif,841.3009942,0.104269957,472.5353486,367.8128613,340.4070812,201.1983617,325.9023687,189.1581502,403.9703724,334.0723724,2.082580931,0.000220661,124809.0752,6.734949496,5.304291296,5.786597854,6.00134154,6.158112556,-2.260772006,5.830142199,5.811357653,11.73454045
654_66_387_629,x30,671_CC_1_10v_x30_BSE,671CC,Tewkesbury,671CC,654_66_387_629_671_CC_1_10v_x30_BSE.tif,783.2462664,0.128657692,402.3493512,287.6640433,352.1873196,152.5488086,328.8178951,174.7617465,352.1971746,294.1231581,2.223885717,0.000319766,101304.6661,6.663447163,5.027484601,5.795504087,5.864191174,5.997320744,-2.050599949,5.864163192,5.683998585,11.52588775
947_745_505_677,x30,698_CV_1_10v_x30_BSE,698CV,Tewkesbury,698CV,947_745_505_677_698_CV_1_10v_x30_BSE.tif,687.5863584,0.095455622,459.2234615,390.9463471,307.8295387,220.5610833,502.718378,341.089548,507.6101787,294.4772094,1.354555892,0.000207863,128174.8513,6.533187434,5.396174678,6.220030129,6.229713788,6.129536936,-2.349093832,5.729546184,5.685201613,11.76115064
491_1796_456_574,x30,698_CV_1_10v_x30_BSE,698CV,Tewkesbury,698CV,491_1796_456_574_698_CV_1_10v_x30_BSE.tif,612.2134451,0.104944255,415.9594364,344.378804,285.0744737,181.6381242,448.8448845,287.5125465,450.4980718,246.600695,1.358970179,0.000252294,101284.0474,6.417080988,5.202016379,6.106677359,6.110353797,6.030587747,-2.254325979,5.652750457,5.507770409,11.5256842
601_1429_394_625,x30,698_CV_1_10v_x30_BSE,698CV,Tewkesbury,698CV,601_1429_394_625_698_CV_1_10v_x30_BSE.tif,765.5503054,0.109656839,414.9402196,328.6480843,273.2189087,186.651098,380.2404175,219.7757147,403.6163303,356.3789872,1.896727778,0.000264271,113471.7393,6.640594929,5.229241088,5.94080373,6.000464749,6.028134461,-2.210399435,5.610273337,5.875994735,11.63930909
607_1069_411_611,x30,698_CV_1_10v_x30_BSE,698CV,Tewkesbury,698CV,607_1069_411_611_698_CV_1_10v_x30_BSE.tif,732.7197232,0.10284991,455.687624,365.1379312,296.9870078,194.7474388,380.0541761,209.8047084,434.0059479,306.8799891,1.688271155,0.000225703,116782.7806,6.596763259,5.271703534,5.940313811,6.073058239,6.12180754,-2.274484536,5.693688393,5.726456756,11.66807091
422_637_478_639,x30,698_CV_1_10v_x30_BSE,698CV,Tewkesbury,698CV,422_637_478_639_698_CV_1_10v_x30_BSE.tif,766.8723592,0.102770353,468.8153372,367.0717804,312.3055463,207.2649303,492.9355304,281.0129763,497.8578211,352.2033044,1.540344104,0.000219213,140208.2817,6.642320372,5.333997831,6.200378396,6.210314536,6.150208954,-2.275258359,5.743982024,5.864208578,11.85088432
963_1412_556_677,x30,713i_CV_3_15V_x30_BSE,713iCV,SHCSBSB,713iCV,963_1412_556_677_713i_CV_3_15V_x30_BSE.tif,825.2821541,0.081778004,536.3061691,480.379447,288.7927522,244.4250358,593.2383398,320.1362662,597.4417827,422.1416461,1.381359955,0.000152484,181068.6629,6.715725333,5.49890866,6.38559624,6.392656844,6.284705209,-2.503746967,5.66570931,6.045340912,12.10663159
965_532_619_745,x30,713i_CV_3_15V_x30_BSE,713iCV,SHCSBSB,713iCV,965_532_619_745_713i_CV_3_15V_x30_BSE.tif,919.7001937,0.084105363,577.3691347,492.9382925,342.6226495,258.3391175,583.8879872,324.5837255,617.3139185,449.3129689,1.489841985,0.00014567,208495.9366,6.82404774,5.554273131,6.369709162,6.425377677,6.35848181,-2.475684943,5.836629694,6.10771968,12.24767483
318_1415_572_777,x30,713i_CV_3_15V_x30_BSE,713iCV,SHCSBSB,713iCV,318_1415_572_777_713i_CV_3_15V_x30_BSE.tif,925.2468037,0.083882453,554.6125819,482.4835316,328.2550618,277.2326339,657.0641311,360.586544,663.3663366,474.9451779,1.394775032,0.000151245,225401.2243,6.830060517,5.624856987,6.487781626,6.497327382,6.318269819,-2.478338828,5.793790934,6.163199382,12.32563731
308_455_603_802,x30,713i_CV_3_15V_x30_BSE,713iCV,SHCSBSB,713iCV,308_455_603_802_713i_CV_3_15V_x30_BSE.tif,949.603657,0.08489091,576.1439556,490.9982749,359.0447365,278.9559912,656.7739688,385.0864342,638.6671591,455.4328591,1.486852179,0.000147343,222721.5353,6.856044694,5.631054032,6.487339924,6.459383441,6.356357552,-2.466388262,5.883446995,6.121248305,12.31367755
989_1258_485_690,x30,732_F_1_10v_x30_BSE,732F,SHCSBSB,732FL,989_1258_485_690_732_F_1_10v_x30_BSE.tif,956.1535137,0.093564193,511.976827,432.6643304,324.4243936,242.3664946,495.9425388,255.1733568,543.1249364,485.599892,1.760466975,0.000182751,190709.6269,6.862918479,5.490451021,6.206460071,6.297339379,6.238279364,-2.369107522,5.782052515,6.185385017,12.15850727
562_988_463_782,x30,732_F_1_10v_x30_BSE,732F,SHCSBSB,732FL,562_988_463_782_732_F_1_10v_x30_BSE.tif,957.4598147,0.093132935,508.853207,427.7875771,329.8297157,235.1586472,438.9718098,215.5913912,503.6275515,490.942883,1.901126759,0.000183025,177082.3531,6.864283751,5.460260381,6.084435196,6.22183701,6.23215958,-2.373727393,5.798576508,6.196327793,12.08437018
39_743_434_670,x30,732_F_1_10v_x30_BSE,732F,SHCSBSB,732FL,39_743_434_670_732_F_1_10v_x30_BSE.tif,876.0806731,0.095579807,510.4987578,412.6402521,350.9444411,207.9535309,519.0287087,317.7799684,536.2426977,418.7577433,1.63373912,0.000187228,172524.4848,6.775458179,5.337314645,6.251959197,6.284586853,6.235388204,-2.347793707,5.860627924,6.037292574,12.05829445
374_1423_464_747,x30,732_F_1_10v_x30_BSE,732F,SHCSBSB,732FL,374_1423_464_747_732_F_1_10v_x30_BSE.tif,883.4164234,0.093451804,511.4979212,441.0511714,367.2021672,217.8280327,596.4108212,359.4216994,575.6805892,409.4576762,1.534560032,0.000182702,186763.6287,6.78379669,5.383705911,6.390929727,6.355552974,6.237343521,-2.370309446,5.905912561,6.014833543,12.13759908
773_536_553_656,x30,797_CV_1_15v_x30.BSE,797CV,SHCSBSB,797CV,773_536_553_656_797_CV_1_15v_x30.BSE.tif,896.3738292,0.098360221,511.4366954,393.8608939,328.8368991,226.4577192,530.1243402,282.6217732,531.6630914,422.4964154,1.685980922,0.000192321,175013.2496,6.798357546,5.422558258,6.273111583,6.276010002,6.237223815,-2.319118816,5.79556188,6.046180963,12.07261696
938_1868_530_724,x30,797_CV_1_15v_x30.BSE,797CV,SHCSBSB,797CV,938_1868_530_724_797_CV_1_15v_x30.BSE.tif,902.0608611,0.099643492,467.7424686,379.5523028,303.417929,213.3887333,549.1579594,321.828718,485.1176434,458.3602485,1.859468262,0.000213031,160704.5445,6.804681991,5.363115541,6.308386122,6.184391425,6.147917864,-2.306156544,5.715111159,6.127655444,11.98732283
690_1422_544_754,x30,797_CV_1_15v_x30.BSE,797CV,SHCSBSB,797CV,690_1422_544_754_797_CV_1_15v_x30.BSE.tif,974.6931239,0.08496193,574.3380316,492.7476739,342.9385428,251.1722454,593.4173281,322.9942476,641.5259246,461.6581051,1.519335519,0.00014793,229629.3317,6.882122677,5.526138941,6.385897909,6.463849596,6.353218128,-2.46555201,5.837551255,6.134824585,12.34422169
381_984_503_781,x30,797_CV_1_15v_x30.BSE,797CV,SHCSBSB,797CV,381_984_503_781_797_CV_1_15v_x30.BSE.tif,931.3540709,0.089202131,542.3447516,452.8222389,330.7951365,265.3432507,565.63122,293.8961962,585.3644949,454.9205995,1.591066898,0.000164475,200210.312,6.836639517,5.581024274,6.337942311,6.372234721,6.295901872,-2.416850348,5.801499261,6.120122897,12.20712365
34_1393_530_729,x30,797_CV_1_15v_x30.BSE,797CV,SHCSBSB,797CV,34_1393_530_729_797_CV_1_15v_x30.BSE.tif,959.9933376,0.091296546,522.1331769,450.4920272,353.4927501,242.5293508,560.4077986,355.8928149,578.8293404,454.3696671,1.658508425,0.000174853,204062.8766,6.866926344,5.491122737,6.328664731,6.361007685,6.257922683,-2.393642328,5.867862976,6.118911112,12.22618344
297_1849_529_757,x30,797_CV_1_15v_x30.BSE,797CV,SHCSBSB,797CV,297_1849_529_757_797_CV_1_15v_x30.BSE.tif,942.4190506,0.096176327,524.2878363,424.3363324,369.2655931,239.6832734,598.2821134,370.1118178,570.4370092,453.132179,1.652100119,0.000183442,197422.66,6.848450028,5.479318358,6.394062404,6.34640275,6.262040839,-2.341572037,5.91151615,6.116183869,12.19310219
98_506_557_752,x30,797_CV_1_15v_x30.BSE,797CV,SHCSBSB,797CV,98_506_557_752_797_CV_1_15v_x30.BSE.tif,1061.393527,0.087089983,596.8330008,484.7919706,376.9854599,307.8785181,628.0390176,323.0026782,634.9276613,526.7572056,1.671676306,0.00014592,247483.3187,6.967337972,5.729705283,6.442602295,6.453511073,6.391637344,-2.440813408,5.932206619,6.266739732,12.41909846
327_160_442_771,x30,797_CV_1_15v_x30.BSE,797CV,SHCSBSB,797CV,327_160_442_771_797_CV_1_15v_x30.BSE.tif,1056.13784,0.096944875,519.7417326,414.3524597,350.752594,223.3155581,489.8433621,258.5761719,517.9152726,520.3527923,2.039209685,0.000186525,200874.3892,6.962373986,5.40858583,6.194085671,6.249811662,6.25333202,-2.333612761,5.860081114,6.254507028,12.21043506
348_1176_523_762,x30,797_CV_2_15v_x30.BSE,797CV,SHCSBSB,797CV,348_1176_523_762_797_CV_2_15v_x30.BSE.tif,963.0872549,0.09582938,522.3391378,432.8247891,390.5313091,242.9556285,585.7063082,322.2050196,580.8252691,445.5467858,1.658135942,0.000183462,205426.4619,6.870144015,5.492878828,6.372818483,6.36444997,6.258317066,-2.345185963,5.967508143,6.09930226,12.2328434
1001_276_494_742,x30,797_CV_2_15v_x30.BSE,797CV,SHCSBSB,797CV,1001_276_494_742_797_CV_2_15v_x30.BSE.tif,874.7431208,0.094150102,473.5973597,404.8591676,289.2317941,224.4770367,577.6166872,352.2435611,536.3061691,444.9943312,1.63105176,0.000198798,172281.4732,6.773930267,5.413773415,6.358910478,6.284705209,6.160357509,-2.362864941,5.667228422,6.098061543,12.05688489
32_739_573_761,x30,797_CV_2_15v_x30.BSE,797CV,SHCSBSB,797CV,32_739_573_761_797_CV_2_15v_x30.BSE.tif,939.5701102,0.091008708,527.9212914,462.9999586,386.8197582,218.5767993,583.1063039,385.5104761,598.6825061,416.4864798,1.569396301,0.000172391,206571.7881,6.845422441,5.387137437,6.368369509,6.394731418,6.268947203,-2.396800085,5.957958843,6.031854,12.23840327
661_1559_538_715,x30,797_CV_2_15v_x30.BSE,797CV,SHCSBSB,797CV,661_1559_538_715_797_CV_2_15v_x30.BSE.tif,1033.390726,0.099643731,505.2550905,404.6707984,379.9593452,203.7803471,504.5755635,269.5886865,529.2169511,507.7966755,1.95267881,0.000197215,200836.921,6.940600642,5.317042684,6.223717608,6.271398463,6.225063431,-2.306154145,5.940064261,6.230081122,12.21024852
690_713_511_725,x30,797_CV_2_15v_x30.BSE,797CV,SHCSBSB,797CV,690_713_511_725_797_CV_2_15v_x30.BSE.tif,976.1085252,0.093629478,515.7075898,438.9935206,360.2546598,252.4752475,574.4683995,318.7211605,560.6919805,463.2721876,1.740899744,0.000181555,200986.8754,6.883573774,5.531313214,6.35344509,6.3291717,6.245539918,-2.368410007,5.88681117,6.138314759,12.21099489
288_365_484_783,x30,797_CV_2_15v_x30.BSE,797CV,SHCSBSB,797CV,288_365_484_783_797_CV_2_15v_x30.BSE.tif,980.3660778,0.091003908,535.8845786,460.4522246,367.5486529,246.8086451,592.5218459,348.431083,607.5319562,475.2356329,1.613686437,0.00016982,218727.1281,6.887926051,5.50861332,6.384387743,6.409404777,6.283918799,-2.396852833,5.906855699,6.16381075,12.29558024
978_707_665_771,x30,802_CV_1_10v_x30_BSE,802CV,Tainui,802CV,978_707_665_771_802_CV_1_10v_x30_BSE.tif,867.3183185,0.082990314,560.2717289,490.4211585,323.2661135,248.9781314,685.682782,361.9094422,668.8401976,421.1060161,1.296749689,0.000148125,213032.6325,6.765406059,5.517365067,6.530415104,6.505545164,6.328421896,-2.489031371,5.778475865,6.042884622,12.26920064
730_1272_532_729,x30,802_CV_1_10v_x30_BSE,802CV,Tainui,802CV,730_1272_532_729_802_CV_1_10v_x30_BSE.tif,910.0327184,0.087540872,552.8668504,460.4699658,326.4601374,237.6753244,465.7004249,237.1017828,554.4775455,434.3374858,1.641243592,0.00015834,185304.6077,6.813480553,5.470905559,6.143542562,6.318026311,6.315117196,-2.435649485,5.788307851,6.073821849,12.12975628
700_243_561_707,x30,802_CV_1_10v_x30_BSE,802CV,Tainui,802CV,700_243_561_707_802_CV_1_10v_x30_BSE.tif,855.296622,0.08944555,537.0368179,447.9339426,337.6301844,193.7732224,562.229408,327.9347491,552.046176,365.3966339,1.549320798,0.000166554,173395.3358,6.751448335,5.266688519,6.331909966,6.313631695,6.286066654,-2.41412522,5.821951168,5.900983432,12.06332944
976_1765_478_755,x30,825_CV_1_10v_x30_BSE,825CV,Tainui,825CV,976_1765_478_755_825_CV_1_10v_x30_BSE.tif,872.3428448,0.096755353,486.6728035,398.3875669,301.878596,254.468073,505.7937479,263.9129294,525.8954487,432.3977469,1.658776183,0.00019881,168473.603,6.771182517,5.539175378,6.226128973,6.265102426,6.187592036,-2.335569623,5.710024936,6.069345875,12.03453436
383_2018_484_822,x30,825_CV_1_10v_x30_BSE,825CV,Tainui,825CV,383_2018_484_822_825_CV_1_10v_x30_BSE.tif,1009.838972,0.111588107,458.383645,352.1623808,365.3036187,227.6091456,407.7911347,204.0674418,439.0462423,479.9347929,2.300074286,0.000243438,162819.9586,6.917546164,5.427629884,6.010755119,6.084604743,6.127706486,-2.192940799,5.90072884,6.173650247,12.00040032
357_1656_476_901,x30,825_CV_1_10v_x30_BSE,825CV,Tainui,825CV,357_1656_476_901_825_CV_1_10v_x30_BSE.tif,1179.937222,0.106466438,471.5229231,375.0233721,404.5034802,231.7879842,454.0233451,251.7407725,459.2353207,575.1886473,2.569352071,0.000225793,198993.7486,7.073216515,5.445823092,6.118148618,6.12956276,6.155967718,-2.239925475,6.00266034,6.354698069,12.20102869
453_551_495_758,x30,825_CV_2_10v_x30_BSE,825CV,Tainui,825CV,453_551_495_758_825_CV_2_10v_x30_BSE.tif,941.428904,0.093824906,493.1122712,413.2172679,305.4515334,235.7657928,498.352567,263.6600181,518.8791641,481.38679,1.814350949,0.000190271,179390.3214,6.847398832,5.462838909,6.211307792,6.251671032,6.200736879,-2.366324934,5.721791119,6.176671084,12.09731928
13_1349_468_807,x30,825_CV_2_10v_x30_BSE,825CV,Tainui,825CV,13_1349_468_807_825_CV_2_10v_x30_BSE.tif,1018.879019,0.09788913,490.8984379,408.7382466,329.3953598,263.8458541,492.6039706,243.9399378,510.0825293,539.8333369,1.997478761,0.000199408,190857.0982,6.926458301,5.575365047,6.199705546,6.234572535,6.196237259,-2.32391977,5.797258731,6.291260456,12.15928025
633_1423_576_742,x30,825_CV_2_10v_x30_BSE,825CV,Tainui,825CV,633_1423_576_742_825_CV_2_10v_x30_BSE.tif,977.818505,0.099098833,526.9196795,432.1101329,411.6996703,259.0969279,523.3000844,272.362223,562.4618383,424.4201128,1.738461952,0.000188072,201974.5095,6.885324075,5.557202231,6.260155075,6.332323289,6.267048126,-2.311637614,6.020294128,6.050723797,12.21589678
632_954_547_645,x30,825_CV_2_10v_x30_BSE,825CV,Tainui,825CV,632_954_547_645_825_CV_2_10v_x30_BSE.tif,905.5076604,0.092964263,511.1597566,429.3093867,335.0223886,277.894844,468.9372967,211.8454572,508.7889869,426.9200754,1.779731252,0.000181869,169190.1514,6.808495737,5.627242783,6.150469064,6.232033366,6.236682177,-2.375540128,5.814197361,6.056596819,12.03877852
485_815_624_781,x30,827_CC_1_10v_x30_BSE,827CC,Tainui,827CC,485_815_624_781_827_CC_1_10v_x30_BSE.tif,893.4115926,0.091828637,566.7013604,447.2221199,364.0468971,302.322661,686.754193,421.5194645,614.6615495,405.497357,1.453501676,0.000162041,201666.0901,6.795047385,5.711494861,6.53197643,6.42107179,6.339832464,-2.387831075,5.897282698,6.005114356,12.21436859
907_1269_631_873,x30,827_CC_1_10v_x30_BSE,827CC,Tainui,827CC,907_1269_631_873_827_CC_1_10v_x30_BSE.tif,1066.420339,0.096156849,564.5518161,424.352375,368.4741383,264.0264026,514.5896135,286.5116088,533.0058548,506.4527218,2.000766651,0.000170324,208739.9847,6.972062841,5.576049108,6.243369716,6.278532409,6.336032171,-2.341774574,5.909370528,6.227430976,12.24884466
1104_919_568_786,x30,827_CC_1_10v_x30_BSE,827CC,Tainui,827CC,1104_919_568_786_827_CC_1_10v_x30_BSE.tif,898.0900874,0.09919862,535.5007954,409.2741922,364.0273965,264.7525082,470.9421781,307.2720696,497.310568,386.3614581,1.805893832,0.000185245,164018.5014,6.800270383,5.578795458,6.154735322,6.209214716,6.283202375,-2.310631174,5.89722913,5.956773351,12.00773451
362_1286_615_636,x30,827_CC_1_10v_x30_BSE,827CC,Tainui,827CC,362_1286_615_636_827_CC_1_10v_x30_BSE.tif,811.9750945,0.098888126,532.5739823,401.4210834,362.7263509,276.1895144,488.9531114,268.3281979,526.7749596,314.1724986,1.541407919,0.00018568,157077.174,6.699469668,5.621087276,6.192266598,6.266773436,6.277721822,-2.313766113,5.893648696,5.749942194,11.96449252
149_1506_592_624,NA,1214_CC_1_15v_x30_BSE,NA,modern,1214CC,149_1506_592_624_NA,818.1374369,0.082115854,532.7989063,486.0261252,298.3464063,328.681225,708.0457935,420.7953148,661.9445216,407.7596744,1.235960734,0.000154122,198880.9136,6.707030338,5.79508836,6.562508772,6.495181748,6.278144067,-2.499624177,5.698255249,6.010677967,12.2004615
664_1395_606_636,NA,1214_CC_1_15v_x30_BSE,NA,modern,1214CC,664_1395_606_636_NA,755.8566403,0.078417029,577.6166872,519.7915029,292.5798257,325.8229827,723.9166912,426.5987758,705.0917801,363.5893435,1.071997521,0.00013576,195717.8034,6.627851729,5.786354236,6.584676318,6.558327979,6.358910478,-2.545714167,5.678737538,5.896025054,12.18442912
440_975_571_639,NA,1214_CC_1_15v_x30_BSE,NA,modern,1214CC,440_975_571_639_NA,777.7758327,0.079834654,545.1142237,480.288742,266.3218341,337.4173883,674.029288,396.8981344,661.6009381,401.5739748,1.175596629,0.000146455,188971.2802,6.65643835,5.821320705,6.513273564,6.494662562,6.300995358,-2.527797604,5.58470548,5.995391763,12.14935033
973_1820_596_620,NA,1214_CC_1_15v_x30_BSE,NA,modern,1214CC,973_1820_596_620_NA,716.3502994,0.080441089,543.9866026,506.5361544,285.7096204,336.771149,730.2180639,426.2731107,692.0706305,347.5095151,1.035082646,0.000147873,182062.7568,6.574169292,5.819403617,6.593343207,6.539688018,6.298924619,-2.52023017,5.654975982,5.850792046,12.11210672
75_756_434_725,NA,1214_CC_1_15v_x30_BSE,NA,modern,1214CC,75_756_434_725_NA,924.3531575,0.086961865,491.3447736,428.1820508,286.9211337,283.2377383,497.8578211,255.3280445,539.1672722,480.6888623,1.714408877,0.000176987,183023.4341,6.829094204,5.64628661,6.210314536,6.290025861,6.197146068,-2.442285595,5.659207383,6.175220205,12.11736948
965_965_487_623,NA,1214_CC_1_15v_x30_BSE,NA,modern,1214CC,965_965_487_623_NA,886.3245068,0.086456655,513.8800389,449.2814805,289.9198699,297.487729,618.431126,328.4491699,601.4800554,455.4695188,1.473572563,0.000168243,195775.9036,6.787083144,5.695372977,6.427185829,6.399393377,6.241989851,-2.448112087,5.669604574,6.121328796,12.18472593
513_233_388_636,NA,1214_CC_1_15v_x30_BSE,NA,modern,1214CC,513_233_388_636_NA,864.8628042,0.101696718,425.080074,374.7037519,330.7904965,245.392355,419.093186,208.1694778,484.8509449,397.2615921,1.783770483,0.000239241,153992.9058,6.762570886,5.502858378,6.038093296,6.183841514,6.052277561,-2.285760251,5.801485234,5.984594986,11.94466181
1183_1345_518_542,NA,1214_CC_1_15v_x30_BSE,NA,modern,1214CC,1183_1345_518_542_NA,670.7793933,0.082460471,515.0444971,469.7756359,265.6284486,329.537582,542.0233205,300.4931918,590.6784059,308.610431,1.135608457,0.000160104,145504.376,6.50844031,5.797690405,6.295309027,6.381271717,6.244253299,-2.495436238,5.582098523,5.73207974,11.88796144
187_393_406_664,NA,1214_CC_1_15v_x30_BSE,NA,modern,1214CC,187_393_406_664_NA,918.1919118,0.093623961,422.9865769,368.0792851,281.7859384,254.3182158,412.594056,189.8837363,473.7468285,483.928778,1.938148937,0.00022134,159744.1735,6.822406423,5.538586301,6.022464194,6.160673062,6.047340445,-2.368468931,5.641147699,6.181937743,11.9813289
714_569_463_617,NA,1214_CC_1_15v_x30_BSE,NA,modern,1214CC,714_569_463_617_NA,819.0821417,0.091731429,477.0004571,412.5445544,319.0782997,257.5103525,510.4240751,286.1644976,541.980616,393.4924905,1.511275713,0.000192309,163025.8449,6.708184374,5.551059923,6.2352419,6.295230237,6.167517449,-2.388890218,5.765436526,5.975061984,12.00166403
15_28_440_612,NA,1214_CC_1_15v_x30_BSE,NA,modern,1214CC,15_28_440_612_NA,844.0880374,0.101446442,439.5885982,380.2260945,344.1282142,233.3977439,497.8824333,290.7710632,505.7614446,381.052416,1.668945006,0.000230776,156775.6871,6.738256799,5.452744054,6.210363971,6.226065105,6.085839286,-2.288224286,5.841014304,5.94293694,11.96257132
498_1938_475_557,NA,1214_CC_1_15v_x30_BSE,NA,modern,1214CC,498_1938_475_557_NA,858.8280618,0.09037798,521.8540875,440.1333793,291.1406175,283.5212092,511.9582113,218.8320406,565.4289887,447.1490365,1.518896411,0.000173186,178332.1088,6.755568741,5.647286932,6.238243003,6.337584715,6.257388023,-2.40375462,5.673806372,6.102891954,12.09140287
38_2049_460_485,NA,1214_CC_1_15v_x30_BSE,NA,modern,1214CC,38_2049_460_485_NA,940.7561669,0.07402017,705.4141811,604.4493863,409.7413284,287.0006543,671.9232037,401.8617697,755.4980971,416.1423267,1.245213152,0.000104932,261009.1288,6.846683985,5.659484495,6.510144054,6.627377263,6.558785121,-2.60341766,6.015526054,6.031027333,12.47231066
10_870_496_628,NA,1214_CC_2_15v_x30_BSE,NA,modern,1214CC,10_870_496_628_NA,838.9332481,0.088544783,528.8051571,454.8023631,333.5210348,302.7546922,558.977415,310.3100103,581.3852431,386.1359583,1.442990269,0.000167443,179116.9391,6.732131142,5.712922881,6.32610907,6.365413606,6.270620041,-2.424246827,5.809705936,5.956189531,12.09579416
269_1268_483_625,NA,1214_CC_2_15v_x30_BSE,NA,modern,1214CC,269_1268_483_625_NA,804.063965,0.097005108,486.2697804,413.7309578,352.2646805,274.4239803,558.1681644,343.5554794,554.6125819,351.7031745,1.449775918,0.000199488,163766.6877,6.689678824,5.614674284,6.324660287,6.318269819,6.186763574,-2.332991645,5.864382826,5.862787566,12.00619806
365_510_466_606,NA,1214_CC_2_15v_x30_BSE,NA,modern,1214CC,365_510_466_606_NA,853.3842383,0.089974686,520.3255784,443.7011124,326.6545591,299.9126683,524.0046979,257.785143,558.977415,409.7737636,1.526688226,0.00017292,175179.8405,6.749209901,5.703491327,6.26150065,6.32610907,6.254454728,-2.408226916,5.788903218,6.015605211,12.07356839
561_868_513_635,NA,1214_CC_2_15v_x30_BSE,NA,modern,1214CC,561_868_513_635_NA,812.0186902,0.097357204,485.9056529,411.3547293,365.9589377,277.7968384,538.3813523,287.4509781,578.0313947,351.5093358,1.404800324,0.000200362,172370.4045,6.699523357,5.62689005,6.288567142,6.359628183,6.186014475,-2.329368546,5.902521135,5.862236271,12.05740095
806_1291_489_671,NA,1214_CC_2_15v_x30_BSE,NA,modern,1214CC,806_1291_489_671_NA,843.7250321,0.098810089,498.016412,403.4037559,352.4845923,265.1071117,539.7956886,347.0097325,520.5113291,366.1956092,1.620954214,0.000198407,161278.4604,6.73782665,5.580133939,6.291190714,6.254811654,6.210633032,-2.314555561,5.865006911,5.903167642,11.99088772
647_1668_491_643,NA,1214_CC_2_15v_x30_BSE,NA,modern,1214CC,647_1668_491_643_NA,806.431102,0.099954738,468.9372967,383.3500619,330.1701387,221.1282695,465.3933455,256.6736072,491.8848241,346.9736351,1.639471401,0.000213152,145671.9524,6.692618465,5.398742938,6.142882952,6.198244592,6.150469064,-2.303037819,5.799608093,5.849248798,11.88911247
1112_922_458_690,NA,1214_CC_2_15v_x30_BSE,NA,modern,1214CC,1112_922_458_690_NA,1062.227,0.104186081,489.7210486,394.3100297,379.5252903,216.2282948,475.2933605,242.7257559,511.3195473,517.2829178,2.077423023,0.000212746,199459.6167,6.968122926,5.37633477,6.163932214,6.236994732,6.19383594,-2.261576737,5.938921236,6.248589955,12.20336707
542_87_546_668,NA,1214_CC_2_15v_x30_BSE,NA,modern,1214CC,542_87_546_668_NA,920.3276684,0.096240966,502.9999645,398.6335569,325.493652,247.909492,508.4222419,219.7137555,539.1495952,463.2779624,1.706998719,0.000191334,182220.4062,6.824729768,5.513063728,6.231312287,6.289993075,6.220590099,-2.340900172,5.785342959,6.138327225,12.11297226
447_2021_491_603,NA,1214_CC_2_15v_x30_BSE,NA,modern,1214CC,447_2021_491_603_NA,805.8906551,0.094913045,497.9070443,416.1688691,350.5310669,290.4477942,520.5584103,313.5356956,545.5536388,340.005254,1.477197837,0.000190624,161457.7236,6.69194807,5.67142385,6.254902101,6.30180113,6.210413402,-2.354794127,5.859449338,5.828961071,11.99199861
929_525_490_631,NA,1214_CC_2_15v_x30_BSE,NA,modern,1214CC,929_525_490_631_NA,883.6044299,0.09109304,527.9754481,448.8084823,358.0225217,295.7158327,510.0318116,263.0189111,560.5535509,396.6430084,1.5763069,0.000172533,181894.7821,6.784009485,5.689398968,6.2344731,6.328924779,6.269049783,-2.395873873,5.880595894,5.983036653,12.11118368
94_1664_466_648,NA,1214_CC_2_15v_x30_BSE,NA,modern,1214CC,94_1664_466_648_NA,890.3951582,0.095774823,513.4665514,424.0924092,376.6471877,293.7479135,512.6146722,300.6834319,541.5056165,374.5856439,1.644295333,0.000186526,177064.2987,6.791665362,5.682721963,6.239524437,6.294353439,6.241184889,-2.345755436,5.931308908,5.925820466,12.08426821
291_1581_432_696,NA,1201_CC_1_15v_x30_BSE,NA,modern,1201CC,291_1581_432_696_NA,849.8365856,0.098357995,482.7628193,406.6945425,346.2341608,289.2499694,495.2089952,280.2804188,505.7291393,384.2859886,1.680418468,0.00020374,157833.3046,6.745044079,5.66729126,6.204979886,6.226001228,6.179525476,-2.319141445,5.847115312,5.951387037,11.96929472
115_944_706_755,NA,1201_CC_1_15v_x30_BSE,NA,modern,1201CC,115_944_706_755_NA,769.3751713,0.079145891,583.3000723,518.6980787,308.5715194,293.423284,703.274311,407.2198042,707.4051681,356.8454177,1.087601852,0.000135686,199871.8552,6.64557872,5.681616222,6.555747016,6.561603583,6.368701758,-2.536462414,5.731953646,5.877302684,12.20543172
657_1802_549_638,NA,1201_CC_1_15v_x30_BSE,NA,modern,1201CC,657_1802_549_638_NA,886.545684,0.092784891,505.9740699,425.4802579,331.4275738,301.6238046,581.1978642,340.8020254,582.9918803,442.7759151,1.52068273,0.000183379,189805.5356,6.787332657,5.709180561,6.365091257,6.368173259,6.226485423,-2.377471468,5.803409306,6.093063807,12.15375533
301_1400_471_571,NA,1201_CC_2_15v_x30_BSE,NA,modern,1201CC,301_1400_471_571_NA,766.488772,0.104940234,422.2133507,351.2371489,313.0825468,257.7640157,482.3819323,244.012485,481.4524348,354.8096585,1.592034263,0.000248548,135520.3246,6.64182005,5.552044499,6.178736191,6.176807441,6.045510757,-2.254364287,5.746466884,5.871581473,11.8168769
805_1304_433_567,NA,1201_CC_2_15v_x30_BSE,NA,modern,1201CC,805_1304_433_567_NA,769.4954979,0.10762813,406.6811512,335.7143014,287.4917233,240.7771151,469.1724148,234.3060004,458.7933589,378.8076066,1.67721586,0.00026465,129648.786,6.645735103,5.483871672,6.150970323,6.12859991,6.008029466,-2.229073233,5.661194071,5.937028442,11.77258443
406_998_466_691,NA,1201_CC_2_15v_x30_BSE,NA,modern,1201CC,406_998_466_691_NA,845.2099466,0.102764093,443.9465291,366.3960942,320.7710556,258.6130275,420.6140826,191.9092962,461.9577945,381.7745576,1.829625902,0.000231479,143387.782,6.739585054,5.555332842,6.041715745,6.135473533,6.095704125,-2.275319277,5.770727646,5.944830271,11.873308
958_902_432_562,NA,1201_CC_2_15v_x30_BSE,NA,modern,1201CC,958_902_432_562_NA,749.2203502,0.102404493,434.5483282,346.4599951,263.4809392,248.6005226,414.5200069,224.8103811,431.6056995,351.2992861,1.73589077,0.000235657,118752.2876,6.619033133,5.515847281,6.027121241,6.067512439,6.074307166,-2.278824692,5.573981028,5.861638527,11.68479499
80_569_501_732,NA,1217_CC_1_15v_x30_BSE,NA,modern,1217CC,80_569_501_732_NA,945.6295068,0.089542505,546.1447925,449.5299082,377.2289544,250.7490766,528.539895,322.2050196,570.7996883,434.4011495,1.656674883,0.000163954,198221.1497,6.85185085,5.524452744,6.27011829,6.34703834,6.302884128,-2.413041851,5.932852309,6.073968415,12.1971386
302_1035_605_685,NA,1217_CC_1_15v_x30_BSE,NA,modern,1217CC,302_1035_605_685_NA,905.2249393,0.083394012,639.4235067,504.759018,380.108289,273.7981325,706.9835395,415.3763965,688.7991192,407.0563246,1.314207458,0.000130421,228978.308,6.808183465,5.612391092,6.561007383,6.534949674,6.460567,-2.484178768,5.940456183,6.008951565,12.34138255
863_1030_504_774,NA,1217_CC_1_15v_x30_BSE,NA,modern,1217CC,863_1030_504_774_NA,952.2310078,0.09023306,582.5666815,449.8750554,369.2187643,239.2739274,451.4701906,245.4811125,532.0854679,433.714786,1.7896204,0.000154889,186066.833,6.858807661,5.477609035,6.112509348,6.27680413,6.367443654,-2.405359399,5.911389326,6.072387143,12.13386121
536_275_407_746,NA,1217_CC_1_15v_x30_BSE,NA,modern,1217CC,536_275_407_746_NA,1026.287228,0.10578324,469.0940552,392.1703176,411.6641682,202.2916557,494.5927486,314.6973282,490.5682766,439.9536306,2.092037495,0.000225505,184890.0897,6.933702936,5.309710496,6.203734694,6.195564467,6.150803293,-2.246363187,6.020207891,6.086669336,12.12751682
933_1403_569_706,NA,1217_CC_2_15v_x30_BSE,NA,modern,1217CC,933_1403_569_706_NA,958.4674931,0.094731255,581.4625193,437.6049705,392.5873799,225.7833422,577.3832834,342.1576474,559.6663043,420.6821912,1.71256959,0.000162919,196993.4548,6.865335648,5.419575877,6.358506315,6.327340721,6.365546515,-2.356711286,5.972759136,6.041877658,12.19092578
627_1809_512_771,NA,1217_CC_2_15v_x30_BSE,NA,modern,1217CC,627_1809_512_771_NA,1116.274126,0.103633142,534.6560119,408.7382466,427.220795,203.0440715,477.4883001,260.7312946,510.3813944,507.3819257,2.187137184,0.000193831,209223.7302,7.017751745,5.313423056,6.168539657,6.235158278,6.281623572,-2.2668981,6.057300964,6.229264025,12.25115944
57_1689_524_670,NA,1217_CC_2_15v_x30_BSE,NA,modern,1217CC,57_1689_524_670_NA,897.6928024,0.095873687,564.3950347,431.8327674,393.0668646,226.6740572,579.7365786,339.3567466,594.0800326,395.8297454,1.511063751,0.00016987,195847.4617,6.799827919,5.423513114,6.362573826,6.387014045,6.335754422,-2.344723718,5.973979736,5.980984183,12.18509138
362_1304_522_661,NA,1217_CC_2_15v_x30_BSE,NA,modern,1217CC,362_1304_522_661_NA,871.8994748,0.100691413,552.0363106,408.3950056,393.254175,190.6351305,542.8641634,337.7521379,545.6559517,362.7089669,1.597892357,0.0001824,174715.1482,6.770674136,5.25036129,6.296859129,6.301988652,6.313613824,-2.29569476,5.974456159,5.893600769,12.0709122
127_961_415_670,NA,1217_CC_2_15v_x30_BSE,NA,modern,1217CC,127_961_415_670_NA,927.8638856,0.116484997,472.2961391,357.2940708,424.3237728,176.9450949,463.8402229,302.0523278,452.1482258,336.1048718,2.052123248,0.000246636,154067.2571,6.832885047,5.175839486,6.139540146,6.114010059,6.157606202,-2.149992799,6.050496779,5.81742323,11.94514452
479_624_385_687,NA,1217_CC_2_15v_x30_BSE,NA,modern,1217CC,479_624_385_687_NA,980.5535464,0.115911894,473.8301655,355.1690305,428.8559441,164.1976382,353.3203303,200.2351328,399.9157129,360.1296759,2.451900525,0.000244628,144007.4735,6.888117256,5.101070813,5.867375097,5.991253807,6.160848957,-2.154924912,6.061121068,5.886464178,11.87762048
1116_564_526_724,NA,1217_CC_2_15v_x30_BSE,NA,modern,1217CC,1116_564_526_724_NA,962.4551209,0.097846978,556.8983,437.6516376,439.6768726,252.5992491,546.7328167,326.9867666,543.2953741,368.8987603,1.771513557,0.0001757,192026.7551,6.869487437,5.531804237,6.303960231,6.297653139,6.322382638,-2.324350468,6.086040077,5.910522244,12.16538999
1015_1226_467_725,NA,1217_CC_3_15v_x30_BSE,NA,modern,1217CC,1015_1226_467_725_NA,934.5719441,0.112359635,474.4274645,357.6901588,400.1038019,153.0033146,407.7744405,229.0640654,452.4823488,388.9119234,2.065432931,0.000236832,155295.7712,6.840088611,5.030459585,6.01071418,6.114748754,6.162108739,-2.186050522,5.991724018,5.9633529,11.95308678
207_1833_449_693,NA,1217_CC_3_15v_x30_BSE,NA,modern,1217CC,207_1833_449_693_NA,917.0063654,0.109444258,493.5759146,379.8965159,413.8075956,189.7761514,485.1737718,310.5117752,488.4488449,364.629237,1.877384654,0.000221737,164488.9338,6.821114414,5.245845227,6.184507119,6.191234747,6.201676676,-2.212339915,6.025401121,5.898881048,12.01059858
258_1204_401_792,NA,1217_CC_3_15v_x30_BSE,NA,modern,1217CC,258_1204_401_792_NA,1152.553736,0.110773451,498.352567,376.2412425,435.8262884,193.0975128,344.9200165,165.2226435,426.6657936,508.0382747,2.701303347,0.000222279,180590.2327,7.0497354,5.263195309,5.843312554,6.056001022,6.211307792,-2.200268143,6.077243743,6.230556789,12.10398584
610_911_368_805,NA,1217_CC_3_15v_x30_BSE,NA,modern,1217CC,610_911_368_805_NA,1159.211268,0.120533114,446.3261693,335.6777991,424.3084064,169.4776512,287.8343819,134.8902661,366.1767855,508.7812373,3.165714796,0.000270056,155882.9623,7.055495111,5.132721067,5.662385252,5.903116237,6.101050006,-2.11583076,6.050460564,6.232018135,11.95686076