,id,box_id,box_top,box_left,box_width,box_height,X0,Y0,X1,Y1,X2,Y2,X3,Y3,X4,Y4,X5,Y5,X6,Y6,X7,Y7,X8,Y8,X9,Y9,X10,Y10,X11,Y11,X12,Y12,X13,Y13,X14,Y14,X15,Y15,X16,Y16,X17,Y17,X18,Y18,X19,Y19,X20,Y20,X21,Y21,X22,Y22
0,/home/voje-lab/Desktop/NIWA_magnifica_SEM-jpg/Steginoporella magnifica/Steginoporella magnifica NIWA 93133 KWB-Feb B6.jpg,417_432_339_538,417.0,432.0,339.0,538.0,701.0,576.0,703.0,843.0,521.0,422.0,659.0,445.0,532.0,458.0,574.0,691.0,665.0,662.0,727.0,675.0,500.0,737.0,599.0,894.0,530.0,833.0,720.0,758.0,652.0,875.0,508.0,791.0,559.0,866.0,728.0,718.0,716.0,799.0,456.0,534.0,637.0,483.0,461.0,643.0,521.0,710.0,707.0,642.0,426.0,514.0
1,/home/voje-lab/Desktop/NIWA_magnifica_SEM-jpg/Steginoporella magnifica/Steginoporella magnifica NIWA 93133 KWB-Feb B6.jpg,394_97_361_488,394.0,97.0,361.0,488.0,367.0,496.0,400.0,769.0,181.0,403.0,326.0,401.0,196.0,434.0,237.0,620.0,334.0,581.0,401.0,582.0,171.0,677.0,299.0,829.0,217.0,769.0,411.0,670.0,350.0,807.0,190.0,730.0,253.0,803.0,411.0,628.0,410.0,718.0,126.0,504.0,309.0,435.0,134.0,592.0,186.0,642.0,372.0,561.0,96.0,491.0
2,/home/voje-lab/Desktop/NIWA_magnifica_SEM-jpg/Steginoporella magnifica/Steginoporella magnifica NIWA 93133 KWB-Feb B6.jpg,114_587_339_468,114.0,587.0,339.0,468.0,874.0,247.0,857.0,491.0,735.0,93.0,858.0,142.0,739.0,128.0,718.0,328.0,821.0,319.0,874.0,343.0,643.0,353.0,725.0,535.0,648.0,453.0,873.0,415.0,792.0,512.0,638.0,405.0,679.0,499.0,876.0,380.0,869.0,452.0,650.0,174.0,833.0,168.0,633.0,263.0,667.0,332.0,863.0,310.0,628.0,151.0
3,/home/voje-lab/Desktop/NIWA_magnifica_SEM-jpg/Steginoporella magnifica/Steginoporella magnifica NIWA 75440 TAN1108.233 4.jpg,77_998_260_674,77.0,998.0,260.0,674.0,1216.0,232.0,1168.0,569.0,1125.0,72.0,1215.0,123.0,1127.0,107.0,1078.0,296.0,1160.0,288.0,1212.0,318.0,1054.0,332.0,1107.0,566.0,1073.0,445.0,1203.0,445.0,1137.0,591.0,1062.0,391.0,1088.0,504.0,1212.0,383.0,1188.0,505.0,1057.0,158.0,1198.0,150.0,1040.0,236.0,1060.0,299.0,1193.0,285.0,1039.0,128.0
4,/home/voje-lab/Desktop/NIWA_magnifica_SEM-jpg/Steginoporella magnifica/Steginoporella magnifica NIWA 75440 TAN1108.233 4.jpg,94_562_273_654,94.0,562.0,273.0,654.0,782.0,234.0,734.0,584.0,692.0,81.0,782.0,131.0,693.0,111.0,651.0,307.0,734.0,306.0,777.0,341.0,616.0,339.0,657.0,596.0,615.0,464.0,768.0,463.0,694.0,603.0,613.0,405.0,630.0,533.0,776.0,403.0,755.0,524.0,618.0,156.0,761.0,153.0,606.0,236.0,628.0,308.0,763.0,303.0,600.0,131.0
5,/home/voje-lab/Desktop/NIWA_magnifica_SEM-jpg/Steginoporella magnifica/Steginoporella magnifica NIWA 75440 TAN1108.233 4.jpg,253_814_242_563,253.0,814.0,242.0,563.0,1006.0,374.0,968.0,672.0,922.0,238.0,1002.0,274.0,925.0,272.0,895.0,443.0,953.0,435.0,1001.0,465.0,862.0,496.0,914.0,698.0,876.0,599.0,997.0,569.0,941.0,707.0,869.0,551.0,892.0,650.0,1003.0,521.0,985.0,620.0,862.0,322.0,987.0,301.0,846.0,399.0,865.0,453.0,988.0,436.0,846.0,296.0
6,/home/voje-lab/Desktop/NIWA_magnifica_SEM-jpg/Steginoporella magnifica/Steginoporella magnifica NIWA 98542 KAH0907.15 3.jpg,25_528_388_498,25.0,528.0,388.0,498.0,819.0,178.0,820.0,442.0,671.0,3.0,803.0,49.0,677.0,34.0,658.0,272.0,771.0,262.0,846.0,280.0,605.0,301.0,678.0,455.0,617.0,386.0,853.0,363.0,749.0,449.0,603.0,343.0,640.0,422.0,858.0,321.0,842.0,403.0,593.0,90.0,775.0,73.0,582.0,200.0,627.0,280.0,810.0,252.0,564.0,70.0
7,/home/voje-lab/Desktop/NIWA_magnifica_SEM-jpg/Steginoporella magnifica/Steginoporella magnifica NIWA 98542 KAH0907.15 21.jpg,18_102_184_259,18.0,102.0,184.0,259.0,263.0,107.0,235.0,220.0,203.0,12.0,263.0,43.0,203.0,28.0,175.0,142.0,235.0,143.0,257.0,157.0,138.0,149.0,161.0,232.0,132.0,194.0,249.0,189.0,199.0,225.0,130.0,172.0,143.0,214.0,254.0,172.0,244.0,204.0,153.0,49.0,248.0,54.0,142.0,100.0,158.0,143.0,251.0,141.0,141.0,38.0
8,/home/voje-lab/Desktop/NIWA_magnifica_SEM-jpg/Steginoporella magnifica/Steginoporella magnifica NIWA 98542 KAH0907.15 21.jpg,445_325_198_268,445.0,325.0,198.0,268.0,506.0,559.0,441.0,667.0,474.0,452.0,524.0,498.0,470.0,465.0,417.0,574.0,463.0,587.0,488.0,610.0,374.0,574.0,370.0,649.0,358.0,612.0,468.0,639.0,404.0,656.0,362.0,593.0,360.0,631.0,480.0,625.0,458.0,654.0,417.0,474.0,507.0,505.0,392.0,522.0,395.0,568.0,484.0,592.0,408.0,459.0
9,/home/voje-lab/Desktop/NIWA_magnifica_SEM-jpg/Steginoporella magnifica/Steginoporella magnifica NIWA 98542 KAH0907.15 21.jpg,114_576_203_269,114.0,576.0,203.0,269.0,758.0,217.0,698.0,333.0,730.0,103.0,779.0,154.0,724.0,119.0,649.0,224.0,701.0,243.0,740.0,267.0,616.0,222.0,622.0,309.0,606.0,264.0,731.0,305.0,660.0,319.0,607.0,243.0,609.0,285.0,739.0,287.0,719.0,321.0,667.0,127.0,759.0,160.0,633.0,174.0,633.0,217.0,726.0,250.0,658.0,108.0
10,/home/voje-lab/Desktop/NIWA_magnifica_SEM-jpg/Steginoporella magnifica/Steginoporella magnifica NIWA 98542 KAH0907.15 21.jpg,294_975_187_285,294.0,975.0,187.0,285.0,1130.0,418.0,1056.0,532.0,1125.0,303.0,1158.0,358.0,1118.0,318.0,1033.0,407.0,1073.0,430.0,1102.0,464.0,1016.0,408.0,1006.0,500.0,1004.0,447.0,1087.0,504.0,1030.0,516.0,1009.0,427.0,1002.0,470.0,1096.0,486.0,1074.0,520.0,1066.0,317.0,1143.0,361.0,1029.0,359.0,1021.0,399.0,1094.0,442.0,1061.0,296.0
11,/home/voje-lab/Desktop/NIWA_magnifica_SEM-jpg/Steginoporella magnifica/Steginoporella magnifica NIWA 98542 KAH0907.15 21.jpg,77_260_195_256,77.0,260.0,195.0,256.0,425.0,160.0,386.0,291.0,360.0,59.0,426.0,90.0,360.0,76.0,331.0,200.0,394.0,199.0,423.0,215.0,295.0,212.0,314.0,293.0,291.0,256.0,413.0,255.0,350.0,292.0,290.0,235.0,298.0,274.0,421.0,236.0,403.0,274.0,308.0,101.0,409.0,103.0,293.0,158.0,312.0,200.0,411.0,197.0,294.0,88.0
12,/home/voje-lab/Desktop/NIWA_magnifica_SEM-jpg/Steginoporella magnifica/Steginoporella magnifica NIWA 98542 KAH0907.15 21.jpg,104_902_212_269,104.0,902.0,212.0,269.0,1085.0,225.0,977.0,338.0,1091.0,116.0,1118.0,171.0,1081.0,129.0,988.0,210.0,1030.0,237.0,1050.0,269.0,960.0,204.0,937.0,309.0,940.0,252.0,1019.0,309.0,955.0,327.0,947.0,226.0,935.0,278.0,1036.0,291.0,1000.0,325.0,1029.0,120.0,1101.0,172.0,987.0,157.0,976.0,201.0,1049.0,249.0,1026.0,102.0
13,/home/voje-lab/Desktop/NIWA_magnifica_SEM-jpg/Steginoporella magnifica/Steginoporella magnifica NIWA 98542 KAH0907.15 21.jpg,673_275_186_237,673.0,275.0,186.0,237.0,439.0,769.0,359.0,888.0,413.0,678.0,459.0,720.0,408.0,692.0,340.0,775.0,391.0,790.0,406.0,818.0,312.0,778.0,318.0,882.0,302.0,827.0,386.0,856.0,339.0,892.0,303.0,802.0,306.0,853.0,397.0,838.0,375.0,873.0,350.0,694.0,442.0,725.0,322.0,729.0,323.0,768.0,410.0,798.0,341.0,677.0
14,/home/voje-lab/Desktop/NIWA_magnifica_SEM-jpg/Steginoporella magnifica/Steginoporella magnifica NIWA 122574 Z8662 1.jpg,368_749_489_541,368.0,749.0,489.0,541.0,1013.0,475.0,1117.0,756.0,795.0,414.0,935.0,380.0,819.0,437.0,922.0,639.0,1006.0,571.0,1067.0,559.0,896.0,699.0,1072.0,827.0,974.0,781.0,1100.0,649.0,1097.0,807.0,931.0,750.0,1023.0,804.0,1086.0,600.0,1109.0,703.0,780.0,523.0,926.0,414.0,824.0,617.0,899.0,663.0,1036.0,544.0,746.0,519.0
15,/home/voje-lab/Desktop/NIWA_magnifica_SEM-jpg/Steginoporella magnifica/Steginoporella magnifica NIWA 98542 KAH0907.15 12.jpg,331_871_382_555,331.0,871.0,382.0,555.0,1190.0,518.0,1133.0,804.0,1093.0,309.0,1204.0,384.0,1090.0,349.0,993.0,583.0,1110.0,596.0,1185.0,629.0,935.0,599.0,978.0,788.0,930.0,696.0,1187.0,722.0,1057.0,791.0,923.0,648.0,947.0,743.0,1193.0,676.0,1168.0,764.0,992.0,385.0,1172.0,408.0,951.0,488.0,965.0,581.0,1154.0,596.0,969.0,352.0
16,/home/voje-lab/Desktop/NIWA_magnifica_SEM-jpg/Steginoporella magnifica/Steginoporella magnifica NIWA 122669 B224 B8.jpg,18_909_229_270,18.0,909.0,229.0,270.0,1094.0,96.0,1064.0,223.0,1033.0,6.0,1097.0,40.0,1034.0,20.0,992.0,136.0,1048.0,137.0,1100.0,149.0,950.0,145.0,960.0,224.0,941.0,184.0,1096.0,189.0,1011.0,216.0,944.0,166.0,945.0,206.0,1101.0,171.0,1085.0,207.0,980.0,44.0,1083.0,48.0,956.0,91.0,963.0,133.0,1080.0,134.0,966.0,31.0
17,/home/voje-lab/Desktop/NIWA_magnifica_SEM-jpg/Steginoporella magnifica/Steginoporella magnifica NIWA 122669 B224 B8.jpg,143_175_211_283,143.0,175.0,211.0,283.0,340.0,194.0,353.0,342.0,250.0,135.0,326.0,141.0,256.0,151.0,269.0,255.0,317.0,240.0,346.0,249.0,219.0,277.0,265.0,368.0,225.0,328.0,351.0,292.0,311.0,352.0,217.0,305.0,241.0,353.0,351.0,271.0,356.0,316.0,212.0,182.0,313.0,159.0,211.0,230.0,238.0,264.0,337.0,233.0,194.0,173.0
18,/home/voje-lab/Desktop/NIWA_magnifica_SEM-jpg/Steginoporella magnifica/Steginoporella magnifica NIWA 122669 B224 B8.jpg,331_588_215_251,331.0,588.0,215.0,251.0,740.0,397.0,744.0,511.0,665.0,331.0,731.0,346.0,668.0,347.0,643.0,446.0,705.0,434.0,752.0,443.0,622.0,467.0,669.0,528.0,631.0,502.0,761.0,479.0,706.0,518.0,625.0,486.0,646.0,517.0,760.0,462.0,757.0,495.0,622.0,380.0,720.0,359.0,612.0,421.0,626.0,451.0,732.0,427.0,607.0,368.0
19,/home/voje-lab/Desktop/NIWA_magnifica_SEM-jpg/Steginoporella magnifica/Steginoporella magnifica NIWA 122669 B224 B8.jpg,186_736_201_312,186.0,736.0,201.0,312.0,909.0,256.0,869.0,420.0,840.0,165.0,906.0,195.0,841.0,183.0,807.0,306.0,864.0,299.0,903.0,316.0,774.0,322.0,817.0,438.0,782.0,380.0,888.0,369.0,843.0,436.0,775.0,352.0,796.0,408.0,897.0,344.0,880.0,395.0,790.0,212.0,894.0,207.0,774.0,265.0,786.0,307.0,896.0,293.0,775.0,197.0
20,/home/voje-lab/Desktop/NIWA_magnifica_SEM-jpg/Steginoporella magnifica/Steginoporella magnifica NIWA 122669 B224 B8.jpg,375_242_223_311,375.0,242.0,223.0,311.0,391.0,434.0,402.0,614.0,294.0,371.0,373.0,374.0,300.0,387.0,321.0,497.0,374.0,479.0,409.0,489.0,291.0,533.0,361.0,624.0,322.0,585.0,418.0,550.0,381.0,626.0,306.0,564.0,341.0,606.0,419.0,520.0,413.0,582.0,260.0,424.0,358.0,393.0,263.0,481.0,297.0,510.0,391.0,474.0,245.0,415.0
21,/home/voje-lab/Desktop/NIWA_magnifica_SEM-jpg/Steginoporella magnifica/Steginoporella magnifica NIWA 122669 B224 B8.jpg,649_318_188_270,649.0,318.0,188.0,270.0,457.0,712.0,448.0,851.0,374.0,650.0,447.0,662.0,380.0,670.0,386.0,764.0,437.0,746.0,467.0,758.0,356.0,798.0,395.0,870.0,370.0,840.0,467.0,805.0,422.0,866.0,363.0,822.0,381.0,858.0,472.0,784.0,460.0,828.0,340.0,705.0,435.0,680.0,337.0,751.0,356.0,776.0,457.0,741.0,323.0,694.0
22,/home/voje-lab/Desktop/NIWA_magnifica_SEM-jpg/Steginoporella magnifica/Steginoporella magnifica NIWA 122669 B224 B8.jpg,234_898_202_302,234.0,898.0,202.0,302.0,1074.0,338.0,978.0,489.0,1041.0,224.0,1092.0,273.0,1036.0,245.0,973.0,352.0,1022.0,366.0,1053.0,395.0,949.0,364.0,940.0,468.0,939.0,412.0,1025.0,449.0,955.0,481.0,945.0,389.0,937.0,439.0,1042.0,426.0,1005.0,469.0,986.0,254.0,1075.0,282.0,954.0,301.0,955.0,347.0,1047.0,372.0,975.0,232.0
23,/home/voje-lab/Desktop/NIWA_magnifica_SEM-jpg/Steginoporella magnifica/Steginoporella magnifica NIWA 120076 M797 1.jpg,374_781_366_449,374.0,781.0,366.0,449.0,1107.0,563.0,937.0,754.0,1069.0,385.0,1139.0,470.0,1059.0,408.0,902.0,569.0,1027.0,596.0,1083.0,644.0,845.0,559.0,836.0,714.0,815.0,635.0,1029.0,713.0,879.0,734.0,823.0,596.0,817.0,677.0,1061.0,681.0,990.0,737.0,960.0,410.0,1112.0,477.0,897.0,478.0,877.0,554.0,1063.0,610.0,948.0,379.0
24,/home/voje-lab/Desktop/NIWA_magnifica_SEM-jpg/Steginoporella magnifica/Steginoporella magnifica NIWA 122669 B224 C2.jpg,130_791_331_596,130.0,791.0,331.0,596.0,1085.0,303.0,1001.0,618.0,952.0,126.0,1079.0,183.0,955.0,152.0,929.0,393.0,1027.0,392.0,1075.0,426.0,865.0,422.0,906.0,619.0,872.0,521.0,1051.0,527.0,952.0,630.0,868.0,478.0,880.0,572.0,1070.0,482.0,1030.0,574.0,863.0,201.0,1054.0,204.0,843.0,305.0,879.0,394.0,1062.0,385.0,835.0,179.0
25,/home/voje-lab/Desktop/NIWA_magnifica_SEM-jpg/Steginoporella magnifica/Steginoporella magnifica NIWA 122669 B224 C2.jpg,239_442_396_555,239.0,442.0,396.0,555.0,776.0,403.0,691.0,675.0,628.0,242.0,772.0,287.0,633.0,270.0,615.0,494.0,716.0,489.0,771.0,520.0,536.0,528.0,570.0,641.0,543.0,589.0,754.0,600.0,628.0,660.0,539.0,566.0,552.0,617.0,772.0,563.0,731.0,637.0,531.0,323.0,741.0,312.0,514.0,421.0,556.0,505.0,755.0,488.0,498.0,301.0
26,/home/voje-lab/Desktop/NIWA_magnifica_SEM-jpg/Steginoporella magnifica/Steginoporella magnifica NIWA 122574 Z8662 6.jpg,253_36_337_440,253.0,36.0,337.0,440.0,271.0,358.0,291.0,556.0,144.0,224.0,250.0,253.0,152.0,250.0,129.0,460.0,231.0,437.0,287.0,444.0,88.0,484.0,175.0,605.0,105.0,553.0,301.0,501.0,235.0,581.0,90.0,524.0,134.0,583.0,298.0,473.0,300.0,528.0,81.0,306.0,232.0,276.0,72.0,395.0,107.0,467.0,261.0,425.0,56.0,290.0
27,/home/voje-lab/Desktop/NIWA_magnifica_SEM-jpg/Steginoporella magnifica/Steginoporella magnifica NIWA 93133 KWB-Feb C2.jpg,39_501_316_520,39.0,501.0,316.0,520.0,790.0,215.0,671.0,457.0,694.0,15.0,803.0,89.0,692.0,55.0,612.0,269.0,720.0,278.0,760.0,317.0,563.0,296.0,586.0,444.0,559.0,375.0,733.0,397.0,626.0,460.0,558.0,339.0,567.0,407.0,750.0,358.0,707.0,427.0,595.0,91.0,773.0,108.0,556.0,192.0,581.0,266.0,753.0,280.0,570.0,57.0
28,/home/voje-lab/Desktop/NIWA_magnifica_SEM-jpg/Steginoporella magnifica/Steginoporella magnifica NIWA 93133 KWB-Feb C2.jpg,428_614_331_534,428.0,614.0,331.0,534.0,911.0,640.0,754.0,905.0,851.0,413.0,945.0,516.0,842.0,452.0,720.0,654.0,830.0,689.0,864.0,743.0,679.0,672.0,696.0,872.0,684.0,768.0,825.0,837.0,722.0,907.0,681.0,724.0,687.0,815.0,849.0,796.0,795.0,874.0,744.0,465.0,914.0,528.0,683.0,562.0,691.0,645.0,859.0,703.0,723.0,430.0
29,/home/voje-lab/Desktop/NIWA_magnifica_SEM-jpg/Steginoporella magnifica/Steginoporella magnifica NIWA 122574 Z8662 2.jpg,45_435_515_640,45.0,435.0,515.0,640.0,821.0,299.0,715.0,561.0,704.0,59.0,835.0,150.0,695.0,93.0,601.0,339.0,752.0,364.0,823.0,407.0,520.0,347.0,571.0,531.0,520.0,442.0,792.0,500.0,642.0,552.0,508.0,395.0,539.0,484.0,817.0,457.0,760.0,535.0,579.0,128.0,796.0,165.0,533.0,244.0,556.0,335.0,794.0,368.0,555.0,96.0
30,/home/voje-lab/Desktop/NIWA_magnifica_SEM-jpg/Steginoporella magnifica/Steginoporella magnifica NIWA 122574 Z8662 2.jpg,330_28_458_664,330.0,28.0,458.0,664.0,428.0,568.0,326.0,854.0,293.0,344.0,428.0,415.0,290.0,382.0,241.0,645.0,373.0,658.0,404.0,701.0,155.0,663.0,209.0,882.0,149.0,783.0,364.0,781.0,267.0,874.0,142.0,729.0,170.0,836.0,386.0,742.0,348.0,820.0,181.0,432.0,388.0,443.0,154.0,551.0,195.0,641.0,409.0,655.0,152.0,403.0
31,/home/voje-lab/Desktop/NIWA_magnifica_SEM-jpg/Steginoporella magnifica/Steginoporella magnifica NIWA 120076 M797 4.jpg,483_556_217_297,483.0,556.0,217.0,297.0,746.0,577.0,673.0,710.0,691.0,481.0,749.0,519.0,689.0,496.0,623.0,592.0,715.0,604.0,739.0,624.0,580.0,594.0,600.0,697.0,569.0,646.0,718.0,673.0,635.0,704.0,567.0,619.0,581.0,672.0,731.0,649.0,699.0,692.0,630.0,509.0,733.0,525.0,601.0,552.0,607.0,589.0,730.0,605.0,623.0,494.0
32,/home/voje-lab/Desktop/NIWA_magnifica_SEM-jpg/Steginoporella magnifica/Steginoporella magnifica NIWA 120076 M797 4.jpg,478_740_242_280,478.0,740.0,242.0,280.0,953.0,610.0,829.0,709.0,952.0,495.0,982.0,557.0,943.0,508.0,828.0,588.0,896.0,621.0,930.0,656.0,798.0,573.0,774.0,668.0,772.0,617.0,893.0,693.0,798.0,688.0,780.0,593.0,769.0,643.0,915.0,676.0,865.0,704.0,884.0,497.0,966.0,556.0,838.0,532.0,818.0,574.0,920.0,634.0,882.0,476.0
33,/home/voje-lab/Desktop/NIWA_magnifica_SEM-jpg/Steginoporella magnifica/Steginoporella magnifica NIWA 120076 M797 4.jpg,819_302_227_264,819.0,302.0,227.0,264.0,445.0,872.0,450.0,1051.0,344.0,796.0,419.0,809.0,351.0,812.0,374.0,941.0,441.0,922.0,478.0,928.0,339.0,961.0,376.0,1052.0,345.0,1014.0,486.0,990.0,410.0,1051.0,339.0,988.0,357.0,1036.0,490.0,958.0,472.0,1021.0,312.0,852.0,408.0,825.0,319.0,917.0,355.0,945.0,450.0,915.0,297.0,843.0
34,/home/voje-lab/Desktop/NIWA_magnifica_SEM-jpg/Steginoporella magnifica/Steginoporella magnifica NIWA 75440 TAN1108.233 5.jpg,274_84_304_520,274.0,84.0,304.0,520.0,329.0,450.0,281.0,710.0,228.0,290.0,326.0,342.0,229.0,321.0,177.0,492.0,284.0,498.0,342.0,525.0,131.0,511.0,169.0,699.0,126.0,606.0,336.0,625.0,222.0,710.0,122.0,559.0,142.0,654.0,347.0,578.0,315.0,667.0,147.0,357.0,302.0,364.0,127.0,432.0,154.0,489.0,313.0,498.0,130.0,333.0
35,/home/voje-lab/Desktop/NIWA_magnifica_SEM-jpg/Steginoporella magnifica/Steginoporella magnifica NIWA 122669 B224 C1.jpg,252_792_177_306,252.0,792.0,177.0,306.0,925.0,310.0,926.0,473.0,858.0,238.0,918.0,254.0,862.0,254.0,865.0,374.0,909.0,362.0,933.0,377.0,832.0,394.0,866.0,492.0,839.0,450.0,934.0,423.0,897.0,484.0,834.0,426.0,849.0,475.0,935.0,403.0,932.0,449.0,825.0,287.0,908.0,269.0,823.0,336.0,844.0,379.0,926.0,359.0,810.0,277.0
36,/home/voje-lab/Desktop/NIWA_magnifica_SEM-jpg/Steginoporella magnifica/Steginoporella magnifica NIWA 122669 B224 C1.jpg,559_489_208_313,559.0,489.0,208.0,313.0,658.0,676.0,604.0,816.0,602.0,577.0,665.0,617.0,601.0,595.0,571.0,693.0,623.0,700.0,641.0,724.0,531.0,703.0,552.0,823.0,527.0,763.0,621.0,770.0,577.0,828.0,526.0,734.0,536.0,795.0,632.0,750.0,613.0,792.0,547.0,609.0,646.0,630.0,529.0,654.0,542.0,691.0,643.0,703.0,533.0,592.0
37,/home/voje-lab/Desktop/NIWA_magnifica_SEM-jpg/Steginoporella magnifica/Steginoporella magnifica NIWA 122669 B224 C1.jpg,501_843_205_305,501.0,843.0,205.0,305.0,982.0,557.0,1018.0,688.0,879.0,517.0,952.0,506.0,889.0,533.0,911.0,632.0,970.0,603.0,1004.0,602.0,894.0,662.0,953.0,718.0,914.0,699.0,1016.0,638.0,985.0,704.0,902.0,684.0,931.0,713.0,1013.0,620.0,1019.0,661.0,860.0,573.0,944.0,525.0,868.0,617.0,895.0,641.0,989.0,590.0,844.0,568.0
38,/home/voje-lab/Desktop/NIWA_magnifica_SEM-jpg/Steginoporella magnifica/Steginoporella magnifica NIWA 122669 B224 C1.jpg,384_394_179_296,384.0,394.0,179.0,296.0,536.0,473.0,490.0,629.0,481.0,385.0,539.0,414.0,481.0,403.0,457.0,517.0,504.0,520.0,530.0,541.0,433.0,536.0,449.0,634.0,436.0,582.0,515.0,587.0,468.0,637.0,434.0,561.0,441.0,609.0,526.0,564.0,503.0,608.0,432.0,425.0,523.0,427.0,421.0,474.0,439.0,520.0,522.0,521.0,419.0,413.0
39,/home/voje-lab/Desktop/NIWA_magnifica_SEM-jpg/Steginoporella magnifica/Steginoporella magnifica NIWA 122669 B224 C1.jpg,285_547_153_287,285.0,547.0,153.0,287.0,676.0,378.0,627.0,560.0,630.0,279.0,683.0,313.0,629.0,295.0,600.0,417.0,639.0,422.0,667.0,445.0,569.0,429.0,584.0,545.0,567.0,485.0,649.0,504.0,605.0,558.0,566.0,459.0,572.0,515.0,659.0,477.0,640.0,534.0,583.0,317.0,667.0,325.0,567.0,373.0,578.0,417.0,663.0,423.0,571.0,304.0
40,/home/voje-lab/Desktop/NIWA_magnifica_SEM-jpg/Steginoporella magnifica/Steginoporella magnifica NIWA 122669 B224 C1.jpg,172_672_162_282,172.0,672.0,162.0,282.0,797.0,254.0,766.0,415.0,759.0,167.0,806.0,194.0,757.0,181.0,724.0,295.0,765.0,297.0,785.0,314.0,696.0,308.0,722.0,418.0,698.0,367.0,781.0,366.0,746.0,421.0,694.0,339.0,707.0,393.0,784.0,343.0,776.0,392.0,717.0,204.0,791.0,206.0,698.0,252.0,707.0,293.0,784.0,293.0,706.0,189.0
41,/home/voje-lab/Desktop/NIWA_magnifica_SEM-jpg/Steginoporella magnifica/Steginoporella magnifica NIWA 93133 KWB-Feb B7.jpg,699_594_357_477,699.0,594.0,357.0,477.0,915.0,898.0,769.0,1084.0,847.0,710.0,943.0,796.0,839.0,741.0,720.0,912.0,813.0,935.0,877.0,986.0,656.0,921.0,671.0,1057.0,652.0,991.0,831.0,1042.0,717.0,1073.0,653.0,958.0,656.0,1023.0,857.0,1017.0,805.0,1064.0,730.0,761.0,912.0,811.0,670.0,838.0,669.0,900.0,876.0,952.0,712.0,728.0
42,/home/voje-lab/Desktop/NIWA_magnifica_SEM-jpg/Steginoporella magnifica/Steginoporella magnifica NIWA 122669 B224 A1.jpg,302_415_381_451,302.0,415.0,381.0,451.0,635.0,397.0,725.0,614.0,479.0,328.0,587.0,320.0,495.0,350.0,544.0,522.0,622.0,470.0,684.0,473.0,513.0,570.0,614.0,644.0,548.0,615.0,734.0,543.0,673.0,626.0,529.0,598.0,576.0,632.0,717.0,508.0,735.0,579.0,454.0,414.0,576.0,345.0,472.0,498.0,519.0,538.0,646.0,455.0,425.0,408.0
43,/home/voje-lab/Desktop/NIWA_magnifica_SEM-jpg/Steginoporella magnifica/Steginoporella magnifica NIWA 122669 B224 A1.jpg,518_782_312_397,518.0,782.0,312.0,397.0,1005.0,619.0,1021.0,821.0,879.0,536.0,983.0,546.0,888.0,563.0,890.0,704.0,968.0,681.0,1026.0,689.0,871.0,740.0,960.0,860.0,910.0,806.0,1038.0,753.0,992.0,852.0,890.0,776.0,933.0,834.0,1039.0,722.0,1031.0,787.0,837.0,607.0,968.0,571.0,836.0,665.0,874.0,709.0,1005.0,667.0,810.0,591.0
44,/home/voje-lab/Desktop/NIWA_magnifica_SEM-jpg/Steginoporella magnifica/Steginoporella magnifica NIWA 122669 B224 A1.jpg,293_81_376_424,293.0,81.0,376.0,424.0,276.0,353.0,379.0,545.0,96.0,352.0,203.0,298.0,118.0,367.0,224.0,502.0,291.0,423.0,341.0,404.0,195.0,570.0,309.0,607.0,238.0,609.0,378.0,469.0,345.0,577.0,212.0,596.0,270.0,615.0,367.0,433.0,382.0,506.0,99.0,447.0,198.0,330.0,145.0,522.0,208.0,535.0,304.0,401.0,75.0,451.0
45,/home/voje-lab/Desktop/NIWA_magnifica_SEM-jpg/Steginoporella magnifica/Steginoporella magnifica NIWA 122669 B224 A1.jpg,96_673_364_473,96.0,673.0,364.0,473.0,930.0,256.0,912.0,480.0,836.0,109.0,930.0,164.0,835.0,131.0,780.0,298.0,860.0,309.0,941.0,335.0,734.0,307.0,815.0,465.0,757.0,384.0,950.0,418.0,867.0,482.0,739.0,347.0,781.0,425.0,951.0,380.0,937.0,453.0,763.0,158.0,910.0,175.0,736.0,224.0,753.0,296.0,903.0,309.0,744.0,134.0
46,/home/voje-lab/Desktop/NIWA_magnifica_SEM-jpg/Steginoporella magnifica/Steginoporella magnifica left and S. discors right NIWA 122574 Z8662.jpg,787_617_195_284,787.0,617.0,195.0,284.0,791.0,888.0,732.0,1041.0,750.0,782.0,803.0,824.0,746.0,799.0,693.0,916.0,750.0,924.0,777.0,942.0,656.0,915.0,668.0,1036.0,646.0,975.0,762.0,994.0,700.0,1039.0,646.0,945.0,653.0,1005.0,771.0,970.0,750.0,1020.0,696.0,815.0,787.0,832.0,672.0,866.0,674.0,911.0,771.0,924.0,685.0,799.0
47,/home/voje-lab/Desktop/NIWA_magnifica_SEM-jpg/Steginoporella magnifica/Steginoporella magnifica left and S. discors right NIWA 122574 Z8662.jpg,982_292_187_249,982.0,292.0,187.0,249.0,452.0,1080.0,416.0,1210.0,405.0,975.0,463.0,1013.0,402.0,990.0,354.0,1116.0,412.0,1120.0,451.0,1135.0,316.0,1118.0,345.0,1200.0,320.0,1159.0,444.0,1176.0,381.0,1204.0,315.0,1139.0,329.0,1178.0,451.0,1157.0,433.0,1195.0,348.0,1010.0,446.0,1021.0,326.0,1065.0,332.0,1114.0,437.0,1121.0,337.0,996.0
48,/home/voje-lab/Desktop/NIWA_magnifica_SEM-jpg/Steginoporella magnifica/Steginoporella magnifica left and S. discors right NIWA 122574 Z8662.jpg,418_357_163_153,418.0,357.0,163.0,153.0,519.0,541.0,482.0,724.0,454.0,418.0,519.0,470.0,453.0,442.0,424.0,573.0,481.0,580.0,525.0,609.0,383.0,580.0,404.0,709.0,379.0,641.0,514.0,670.0,441.0,720.0,377.0,610.0,387.0,675.0,522.0,642.0,501.0,697.0,408.0,460.0,501.0,482.0,387.0,515.0,398.0,567.0,509.0,582.0,393.0,441.0
49,/home/voje-lab/Desktop/NIWA_magnifica_SEM-jpg/Steginoporella magnifica/Steginoporella magnifica NIWA 122669 B224 B6.jpg,514_442_217_282,514.0,442.0,217.0,282.0,609.0,567.0,619.0,715.0,525.0,507.0,600.0,516.0,530.0,524.0,534.0,622.0,584.0,608.0,613.0,619.0,485.0,644.0,532.0,738.0,492.0,695.0,619.0,664.0,578.0,723.0,484.0,671.0,507.0,720.0,618.0,642.0,623.0,689.0,485.0,552.0,586.0,533.0,481.0,598.0,503.0,629.0,605.0,602.0,468.0,542.0
50,/home/voje-lab/Desktop/NIWA_magnifica_SEM-jpg/Steginoporella magnifica/Steginoporella magnifica NIWA 122669 B224 B6.jpg,136_612_226_260,136.0,612.0,226.0,260.0,799.0,205.0,777.0,327.0,729.0,128.0,797.0,151.0,731.0,146.0,679.0,245.0,755.0,236.0,801.0,245.0,652.0,260.0,686.0,348.0,650.0,306.0,799.0,287.0,732.0,335.0,646.0,284.0,662.0,329.0,804.0,267.0,792.0,306.0,675.0,172.0,782.0,162.0,655.0,215.0,666.0,245.0,784.0,232.0,661.0,157.0
51,/home/voje-lab/Desktop/NIWA_magnifica_SEM-jpg/Steginoporella magnifica/Steginoporella magnifica NIWA 122669 B224 B6.jpg,585_647_219_305,585.0,647.0,219.0,305.0,809.0,655.0,814.0,824.0,719.0,583.0,796.0,597.0,724.0,598.0,727.0,715.0,777.0,701.0,820.0,710.0,689.0,740.0,757.0,847.0,710.0,799.0,826.0,769.0,786.0,841.0,697.0,771.0,730.0,827.0,827.0,741.0,824.0,797.0,677.0,634.0,783.0,611.0,674.0,686.0,699.0,723.0,804.0,692.0,659.0,624.0
52,/home/voje-lab/Desktop/NIWA_magnifica_SEM-jpg/Steginoporella magnifica/Steginoporella magnifica NIWA 122669 B224 B6.jpg,270_428_211_275,270.0,428.0,211.0,275.0,604.0,337.0,583.0,470.0,524.0,270.0,598.0,286.0,529.0,288.0,508.0,386.0,575.0,373.0,606.0,386.0,473.0,413.0,502.0,486.0,475.0,454.0,604.0,425.0,542.0,478.0,471.0,436.0,484.0,472.0,608.0,407.0,597.0,445.0,479.0,322.0,583.0,302.0,469.0,364.0,484.0,392.0,598.0,368.0,464.0,309.0
53,/home/voje-lab/Desktop/NIWA_magnifica_SEM-jpg/Steginoporella magnifica/Steginoporella magnifica NIWA 122669 B224 B6.jpg,553_1001_191_307,553.0,1001.0,191.0,307.0,1165.0,626.0,1125.0,779.0,1100.0,540.0,1164.0,566.0,1100.0,557.0,1065.0,674.0,1122.0,664.0,1161.0,677.0,1035.0,693.0,1078.0,801.0,1045.0,748.0,1145.0,727.0,1102.0,798.0,1036.0,722.0,1059.0,775.0,1155.0,704.0,1136.0,752.0,1052.0,589.0,1151.0,578.0,1036.0,640.0,1045.0,676.0,1152.0,656.0,1040.0,574.0
54,/home/voje-lab/Desktop/NIWA_magnifica_SEM-jpg/Steginoporella magnifica/Steginoporella magnifica NIWA 122669 B224 B6.jpg,320_986_198_276,320.0,986.0,198.0,276.0,1150.0,398.0,1137.0,529.0,1085.0,316.0,1147.0,340.0,1088.0,331.0,1054.0,450.0,1122.0,440.0,1154.0,453.0,1026.0,466.0,1062.0,536.0,1029.0,502.0,1153.0,492.0,1100.0,529.0,1024.0,486.0,1041.0,520.0,1156.0,474.0,1149.0,511.0,1042.0,361.0,1136.0,351.0,1028.0,412.0,1035.0,452.0,1142.0,437.0,1027.0,349.0
55,/home/voje-lab/Desktop/NIWA_magnifica_SEM-jpg/Steginoporella magnifica/Steginoporella magnifica NIWA 122669 B224 B6.jpg,22_406_238_278,22.0,406.0,238.0,278.0,591.0,84.0,590.0,228.0,494.0,25.0,580.0,32.0,499.0,44.0,488.0,139.0,569.0,117.0,605.0,124.0,450.0,162.0,508.0,249.0,467.0,211.0,608.0,176.0,549.0,240.0,454.0,189.0,484.0,232.0,611.0,151.0,602.0,202.0,452.0,79.0,561.0,51.0,445.0,122.0,465.0,142.0,587.0,109.0,433.0,65.0
56,/home/voje-lab/Desktop/NIWA_magnifica_SEM-jpg/Steginoporella magnifica/Steginoporella magnifica NIWA 122669 B224 B6.jpg,667_290_243_285,667.0,290.0,243.0,285.0,448.0,726.0,481.0,867.0,344.0,677.0,420.0,672.0,353.0,692.0,380.0,795.0,437.0,770.0,473.0,771.0,340.0,828.0,393.0,908.0,350.0,875.0,485.0,815.0,436.0,886.0,342.0,854.0,367.0,897.0,482.0,794.0,485.0,839.0,315.0,733.0,409.0,692.0,321.0,786.0,352.0,809.0,457.0,760.0,299.0,727.0
57,/home/voje-lab/Desktop/NIWA_magnifica_SEM-jpg/Steginoporella magnifica/Steginoporella magnifica NIWA 98542 KAH0907.15 14.jpg,15_883_376_543,15.0,883.0,376.0,543.0,1192.0,195.0,1136.0,465.0,1078.0,5.0,1199.0,69.0,1077.0,34.0,1001.0,269.0,1112.0,280.0,1187.0,308.0,943.0,284.0,1003.0,458.0,951.0,374.0,1183.0,393.0,1070.0,461.0,941.0,332.0,970.0,416.0,1190.0,351.0,1167.0,431.0,981.0,76.0,1169.0,90.0,945.0,179.0,967.0,266.0,1161.0,275.0,956.0,51.0
58,/home/voje-lab/Desktop/NIWA_magnifica_SEM-jpg/Steginoporella magnifica/Steginoporella magnifica NIWA 122669 B224 A2.jpg,374_688_356_438,374.0,688.0,356.0,438.0,991.0,565.0,893.0,738.0,965.0,403.0,1034.0,479.0,957.0,426.0,810.0,567.0,911.0,604.0,966.0,644.0,762.0,565.0,770.0,696.0,747.0,620.0,943.0,701.0,829.0,710.0,749.0,590.0,753.0,658.0,958.0,677.0,923.0,721.0,862.0,432.0,1011.0,486.0,801.0,487.0,790.0,556.0,945.0,615.0,851.0,405.0
59,/home/voje-lab/Desktop/NIWA_magnifica_SEM-jpg/Steginoporella magnifica/Steginoporella magnifica NIWA 122669 B224 A2.jpg,440_169_306_504,440.0,169.0,306.0,504.0,402.0,578.0,412.0,851.0,263.0,448.0,379.0,479.0,274.0,472.0,270.0,679.0,363.0,658.0,408.0,672.0,230.0,706.0,342.0,896.0,268.0,806.0,414.0,756.0,377.0,885.0,243.0,762.0,300.0,851.0,412.0,715.0,415.0,806.0,210.0,528.0,362.0,500.0,209.0,613.0,244.0,686.0,397.0,645.0,182.0,511.0
60,/home/voje-lab/Desktop/NIWA_magnifica_SEM-jpg/Steginoporella magnifica/Steginoporella magnifica NIWA 122669 B224 A2.jpg,123_305_281_426,123.0,305.0,281.0,426.0,539.0,271.0,484.0,463.0,456.0,128.0,547.0,181.0,457.0,155.0,387.0,325.0,481.0,330.0,531.0,356.0,356.0,342.0,393.0,454.0,364.0,396.0,522.0,411.0,438.0,460.0,358.0,373.0,375.0,425.0,532.0,386.0,510.0,439.0,375.0,188.0,523.0,196.0,347.0,257.0,366.0,323.0,515.0,330.0,355.0,166.0
61,/home/voje-lab/Desktop/NIWA_magnifica_SEM-jpg/Steginoporella magnifica/Steginoporella magnifica NIWA 75440 TAN1108.233 2.jpg,456_256_365_463,456.0,256.0,365.0,463.0,558.0,617.0,499.0,835.0,473.0,454.0,569.0,519.0,470.0,479.0,382.0,658.0,493.0,670.0,567.0,696.0,323.0,660.0,364.0,816.0,315.0,736.0,560.0,775.0,430.0,826.0,310.0,697.0,333.0,776.0,572.0,736.0,536.0,809.0,379.0,504.0,542.0,529.0,345.0,582.0,354.0,651.0,529.0,674.0,365.0,482.0
62,/home/voje-lab/Desktop/NIWA_magnifica_SEM-jpg/Steginoporella magnifica/Steginoporella magnifica NIWA 75440 TAN1108.233 2.jpg,41_283_341_457,41.0,283.0,341.0,457.0,558.0,184.0,524.0,438.0,452.0,39.0,550.0,84.0,452.0,62.0,395.0,256.0,511.0,250.0,575.0,269.0,338.0,268.0,388.0,435.0,336.0,357.0,572.0,359.0,457.0,431.0,327.0,312.0,356.0,398.0,580.0,316.0,555.0,400.0,373.0,101.0,530.0,101.0,350.0,185.0,371.0,255.0,538.0,244.0,356.0,84.0
63,/home/voje-lab/Desktop/NIWA_magnifica_SEM-jpg/Steginoporella magnifica/Steginoporella magnifica NIWA 75440 TAN1108.233 2.jpg,252_558_338_453,252.0,558.0,338.0,453.0,838.0,403.0,792.0,641.0,746.0,224.0,843.0,288.0,743.0,249.0,658.0,464.0,781.0,467.0,841.0,495.0,607.0,470.0,660.0,644.0,609.0,558.0,838.0,575.0,725.0,641.0,600.0,515.0,628.0,601.0,845.0,537.0,820.0,610.0,657.0,285.0,816.0,301.0,620.0,381.0,635.0,456.0,809.0,469.0,639.0,263.0
64,/home/voje-lab/Desktop/NIWA_magnifica_SEM-jpg/Steginoporella magnifica/Steginoporella magnifica NIWA 98542 KAH0907.15 17.jpg,130_522_182_277,130.0,522.0,182.0,277.0,670.0,218.0,637.0,379.0,600.0,120.0,664.0,147.0,602.0,135.0,587.0,267.0,638.0,264.0,674.0,278.0,558.0,281.0,588.0,374.0,565.0,332.0,663.0,331.0,612.0,381.0,559.0,308.0,574.0,353.0,673.0,305.0,653.0,356.0,556.0,162.0,651.0,159.0,547.0,222.0,567.0,268.0,661.0,259.0,543.0,149.0
65,/home/voje-lab/Desktop/NIWA_magnifica_SEM-jpg/Steginoporella magnifica/Steginoporella magnifica NIWA 98542 KAH0907.15 17.jpg,356_81_186_276,356.0,81.0,186.0,276.0,241.0,454.0,211.0,584.0,175.0,356.0,239.0,386.0,176.0,373.0,151.0,494.0,207.0,494.0,238.0,508.0,118.0,506.0,142.0,593.0,115.0,554.0,233.0,548.0,177.0,587.0,113.0,531.0,124.0,575.0,237.0,528.0,225.0,567.0,126.0,398.0,224.0,400.0,113.0,452.0,133.0,495.0,228.0,488.0,112.0,385.0
66,/home/voje-lab/Desktop/NIWA_magnifica_SEM-jpg/Steginoporella magnifica/Steginoporella magnifica NIWA 98542 KAH0907.15 17.jpg,411_816_211_268,411.0,816.0,211.0,268.0,976.0,488.0,957.0,641.0,894.0,404.0,964.0,424.0,897.0,422.0,887.0,542.0,947.0,533.0,990.0,541.0,860.0,561.0,894.0,637.0,867.0,603.0,990.0,593.0,924.0,642.0,863.0,583.0,877.0,620.0,996.0,567.0,978.0,618.0,852.0,449.0,952.0,438.0,846.0,504.0,868.0,545.0,967.0,526.0,839.0,438.0
67,/home/voje-lab/Desktop/NIWA_magnifica_SEM-jpg/Steginoporella magnifica/Steginoporella magnifica NIWA 98542 KAH0907.15 17.jpg,518_407_173_293,518.0,407.0,173.0,293.0,550.0,601.0,522.0,763.0,485.0,506.0,546.0,537.0,486.0,523.0,465.0,644.0,520.0,641.0,553.0,656.0,437.0,658.0,469.0,766.0,440.0,716.0,547.0,713.0,495.0,770.0,435.0,688.0,452.0,741.0,553.0,685.0,537.0,739.0,441.0,548.0,534.0,549.0,430.0,601.0,446.0,644.0,540.0,637.0,428.0,534.0
68,/home/voje-lab/Desktop/NIWA_magnifica_SEM-jpg/Steginoporella magnifica/Steginoporella magnifica NIWA 98542 KAH0907.15 17.jpg,273_386_188_271,273.0,386.0,188.0,271.0,538.0,353.0,522.0,498.0,463.0,257.0,529.0,286.0,465.0,273.0,454.0,402.0,509.0,400.0,542.0,414.0,422.0,416.0,454.0,504.0,427.0,465.0,538.0,456.0,488.0,501.0,421.0,442.0,437.0,485.0,542.0,436.0,532.0,478.0,421.0,302.0,515.0,300.0,412.0,358.0,434.0,404.0,530.0,395.0,405.0,290.0
69,/home/voje-lab/Desktop/NIWA_magnifica_SEM-jpg/Steginoporella magnifica/Steginoporella magnifica NIWA 98542 KAH0907.15 17.jpg,282_670_178_275,282.0,670.0,178.0,275.0,814.0,363.0,791.0,524.0,741.0,264.0,807.0,293.0,744.0,283.0,734.0,410.0,780.0,408.0,818.0,424.0,703.0,433.0,740.0,533.0,711.0,486.0,811.0,477.0,766.0,534.0,705.0,461.0,723.0,510.0,817.0,452.0,803.0,501.0,698.0,313.0,794.0,308.0,691.0,372.0,710.0,414.0,804.0,403.0,683.0,299.0
70,/home/voje-lab/Desktop/NIWA_magnifica_SEM-jpg/Steginoporella magnifica/Steginoporella magnifica NIWA 98542 KAH0907.15 17.jpg,180_236_170_293,180.0,236.0,170.0,293.0,378.0,265.0,364.0,416.0,297.0,171.0,367.0,191.0,301.0,187.0,300.0,320.0,352.0,311.0,385.0,323.0,263.0,336.0,298.0,427.0,269.0,387.0,379.0,369.0,331.0,422.0,262.0,363.0,280.0,409.0,384.0,346.0,374.0,392.0,255.0,219.0,354.0,208.0,252.0,280.0,277.0,322.0,374.0,303.0,240.0,208.0
71,/home/voje-lab/Desktop/NIWA_magnifica_SEM-jpg/Steginoporella magnifica/Steginoporella magnifica NIWA 98542 KAH0907.15 17.jpg,669_256_200_251,669.0,256.0,200.0,251.0,402.0,742.0,416.0,882.0,311.0,665.0,383.0,679.0,316.0,681.0,330.0,801.0,386.0,790.0,421.0,799.0,304.0,821.0,350.0,896.0,315.0,864.0,427.0,841.0,384.0,890.0,306.0,844.0,329.0,881.0,428.0,820.0,425.0,862.0,279.0,715.0,370.0,694.0,284.0,770.0,315.0,808.0,403.0,784.0,262.0,707.0
72,/home/voje-lab/Desktop/NIWA_magnifica_SEM-jpg/Steginoporella magnifica/Steginoporella magnifica NIWA 98542 KAH0907.15 17.jpg,594_108_168_264,594.0,108.0,168.0,264.0,253.0,683.0,244.0,828.0,185.0,587.0,246.0,615.0,187.0,605.0,178.0,728.0,228.0,728.0,252.0,744.0,151.0,745.0,196.0,845.0,163.0,801.0,250.0,787.0,222.0,841.0,153.0,775.0,177.0,824.0,251.0,766.0,248.0,809.0,145.0,632.0,233.0,630.0,139.0,689.0,161.0,731.0,246.0,723.0,131.0,620.0
73,/home/voje-lab/Desktop/NIWA_magnifica_SEM-jpg/Steginoporella magnifica/Steginoporella magnifica NIWA 98542 KAH0907.15 17.jpg,430_244_184_265,430.0,244.0,184.0,265.0,400.0,527.0,370.0,661.0,346.0,429.0,404.0,462.0,345.0,445.0,309.0,556.0,367.0,561.0,396.0,579.0,276.0,564.0,298.0,658.0,272.0,613.0,391.0,623.0,334.0,658.0,270.0,589.0,281.0,636.0,396.0,601.0,385.0,643.0,292.0,465.0,388.0,473.0,275.0,514.0,290.0,553.0,386.0,561.0,280.0,452.0
74,/home/voje-lab/Desktop/NIWA_magnifica_SEM-jpg/Steginoporella magnifica/Steginoporella magnifica NIWA 98542 KAH0907.15 17.jpg,519_989_193_284,519.0,989.0,193.0,284.0,1147.0,611.0,1117.0,751.0,1102.0,507.0,1156.0,544.0,1101.0,526.0,1048.0,642.0,1107.0,647.0,1145.0,664.0,1021.0,651.0,1042.0,746.0,1018.0,699.0,1144.0,712.0,1080.0,746.0,1015.0,674.0,1026.0,722.0,1148.0,688.0,1135.0,731.0,1051.0,545.0,1141.0,556.0,1029.0,595.0,1034.0,641.0,1129.0,648.0,1039.0,527.0
75,/home/voje-lab/Desktop/NIWA_magnifica_SEM-jpg/Steginoporella magnifica/Steginoporella magnifica NIWA 93133 KWB-Feb B9.jpg,579_263_220_238,579.0,263.0,220.0,238.0,390.0,622.0,465.0,737.0,273.0,585.0,347.0,570.0,286.0,598.0,349.0,707.0,384.0,674.0,432.0,663.0,323.0,740.0,403.0,779.0,353.0,771.0,457.0,697.0,436.0,756.0,335.0,758.0,376.0,777.0,448.0,679.0,464.0,716.0,267.0,645.0,343.0,588.0,289.0,699.0,328.0,725.0,407.0,655.0,247.0,643.0
76,/home/voje-lab/Desktop/NIWA_magnifica_SEM-jpg/Steginoporella magnifica/Steginoporella magnifica NIWA 93133 KWB-Feb B9.jpg,387_528_215_251,387.0,528.0,215.0,251.0,671.0,436.0,711.0,558.0,564.0,384.0,639.0,378.0,574.0,396.0,615.0,511.0,657.0,485.0,704.0,479.0,573.0,538.0,639.0,594.0,590.0,576.0,717.0,517.0,676.0,575.0,577.0,559.0,610.0,588.0,716.0,498.0,717.0,537.0,540.0,441.0,631.0,395.0,551.0,497.0,585.0,526.0,681.0,471.0,522.0,436.0
77,/home/voje-lab/Desktop/NIWA_magnifica_SEM-jpg/Steginoporella magnifica/Steginoporella magnifica NIWA 93133 KWB-Feb B9.jpg,582_464_219_251,582.0,464.0,219.0,251.0,588.0,625.0,643.0,763.0,481.0,592.0,552.0,578.0,493.0,606.0,546.0,703.0,584.0,671.0,620.0,664.0,518.0,740.0,605.0,802.0,553.0,781.0,639.0,710.0,626.0,787.0,533.0,763.0,577.0,793.0,634.0,688.0,643.0,736.0,470.0,650.0,547.0,597.0,487.0,700.0,521.0,723.0,599.0,656.0,452.0,648.0
78,/home/voje-lab/Desktop/NIWA_magnifica_SEM-jpg/Steginoporella magnifica/Steginoporella magnifica NIWA 93133 KWB-Feb B9.jpg,539_79_196_241,539.0,79.0,196.0,241.0,198.0,578.0,257.0,725.0,86.0,529.0,157.0,521.0,99.0,544.0,175.0,661.0,205.0,630.0,238.0,631.0,141.0,697.0,210.0,756.0,166.0,736.0,255.0,675.0,234.0,741.0,151.0,720.0,186.0,749.0,252.0,652.0,258.0,700.0,80.0,591.0,150.0,542.0,106.0,651.0,149.0,679.0,217.0,619.0,62.0,589.0
79,/home/voje-lab/Desktop/NIWA_magnifica_SEM-jpg/Steginoporella magnifica/Steginoporella magnifica NIWA 122669 B224 B3.jpg,423_749_292_404,423.0,749.0,292.0,404.0,969.0,515.0,952.0,747.0,851.0,425.0,949.0,434.0,862.0,447.0,836.0,616.0,931.0,580.0,982.0,583.0,812.0,650.0,882.0,760.0,838.0,709.0,986.0,662.0,914.0,757.0,822.0,685.0,858.0,734.0,990.0,622.0,974.0,703.0,806.0,507.0,938.0,454.0,794.0,580.0,819.0,627.0,959.0,565.0,785.0,491.0
80,/home/voje-lab/Desktop/NIWA_magnifica_SEM-jpg/Steginoporella magnifica/Steginoporella magnifica NIWA 122669 B224 B3.jpg,464_497_305_484,464.0,497.0,305.0,484.0,716.0,559.0,743.0,783.0,576.0,484.0,683.0,481.0,588.0,508.0,592.0,674.0,689.0,632.0,740.0,632.0,558.0,716.0,657.0,836.0,585.0,788.0,757.0,705.0,701.0,817.0,565.0,757.0,618.0,815.0,754.0,668.0,754.0,743.0,537.0,573.0,672.0,506.0,536.0,646.0,571.0,687.0,715.0,613.0,514.0,562.0
81,/home/voje-lab/Desktop/NIWA_magnifica_SEM-jpg/Steginoporella magnifica/Steginoporella magnifica NIWA 98542 KAH0907.15 4.jpg,240_785_324_498,240.0,785.0,324.0,498.0,1066.0,386.0,1025.0,638.0,922.0,228.0,1053.0,268.0,926.0,259.0,901.0,485.0,1004.0,467.0,1059.0,482.0,840.0,512.0,913.0,675.0,847.0,602.0,1050.0,560.0,970.0,661.0,836.0,559.0,874.0,642.0,1056.0,521.0,1042.0,598.0,835.0,312.0,1027.0,293.0,818.0,414.0,863.0,491.0,1046.0,446.0,808.0,290.0
82,/home/voje-lab/Desktop/NIWA_magnifica_SEM-jpg/Steginoporella magnifica/Steginoporella magnifica NIWA 75440 TAN1108.233 7.jpg,394_353_183_283,394.0,353.0,183.0,283.0,511.0,481.0,465.0,619.0,465.0,381.0,517.0,418.0,463.0,394.0,421.0,513.0,476.0,520.0,502.0,538.0,384.0,513.0,403.0,617.0,378.0,567.0,489.0,580.0,433.0,620.0,376.0,540.0,388.0,593.0,497.0,560.0,479.0,600.0,413.0,410.0,504.0,425.0,394.0,460.0,403.0,508.0,494.0,519.0,405.0,397.0
83,/home/voje-lab/Desktop/NIWA_magnifica_SEM-jpg/Steginoporella magnifica/Steginoporella magnifica NIWA 75440 TAN1108.233 7.jpg,431_595_213_322,431.0,595.0,213.0,322.0,784.0,539.0,678.0,705.0,765.0,432.0,804.0,480.0,760.0,444.0,690.0,542.0,737.0,564.0,755.0,592.0,666.0,544.0,654.0,687.0,652.0,611.0,724.0,655.0,664.0,706.0,658.0,577.0,651.0,648.0,740.0,626.0,702.0,682.0,709.0,448.0,790.0,484.0,681.0,489.0,679.0,535.0,753.0,570.0,705.0,434.0
84,/home/voje-lab/Desktop/NIWA_magnifica_SEM-jpg/Steginoporella magnifica/Steginoporella magnifica NIWA 75440 TAN1108.233 7.jpg,265_506_188_261,265.0,506.0,188.0,261.0,666.0,361.0,631.0,491.0,618.0,264.0,674.0,303.0,617.0,278.0,570.0,385.0,632.0,392.0,663.0,407.0,537.0,385.0,563.0,479.0,535.0,432.0,659.0,452.0,597.0,486.0,531.0,409.0,546.0,455.0,662.0,431.0,649.0,474.0,567.0,294.0,659.0,309.0,548.0,338.0,555.0,383.0,647.0,398.0,554.0,281.0
85,/home/voje-lab/Desktop/NIWA_magnifica_SEM-jpg/Steginoporella magnifica/Steginoporella magnifica NIWA 75440 TAN1108.233 7.jpg,47_226_186_274,47.0,226.0,186.0,274.0,384.0,159.0,334.0,288.0,350.0,59.0,398.0,103.0,345.0,73.0,283.0,170.0,347.0,185.0,378.0,206.0,253.0,169.0,269.0,283.0,243.0,225.0,364.0,253.0,302.0,284.0,243.0,196.0,252.0,255.0,373.0,231.0,353.0,272.0,293.0,82.0,381.0,110.0,268.0,124.0,272.0,164.0,366.0,189.0,285.0,67.0
86,/home/voje-lab/Desktop/NIWA_magnifica_SEM-jpg/Steginoporella magnifica/Steginoporella magnifica NIWA 75440 TAN1108.233 7.jpg,771_367_199_317,771.0,367.0,199.0,317.0,545.0,868.0,469.0,1029.0,525.0,781.0,560.0,816.0,522.0,799.0,468.0,882.0,506.0,893.0,523.0,921.0,441.0,896.0,440.0,1028.0,429.0,959.0,500.0,977.0,453.0,1039.0,432.0,927.0,432.0,993.0,513.0,950.0,486.0,1002.0,477.0,808.0,546.0,826.0,451.0,845.0,451.0,880.0,522.0,899.0,470.0,790.0
87,/home/voje-lab/Desktop/NIWA_magnifica_SEM-jpg/Steginoporella magnifica/Steginoporella magnifica NIWA 122574 Z8662 5.jpg,360_85_371_457,360.0,85.0,371.0,457.0,394.0,522.0,374.0,766.0,259.0,342.0,396.0,393.0,261.0,370.0,208.0,619.0,329.0,608.0,405.0,627.0,142.0,638.0,230.0,781.0,161.0,718.0,408.0,699.0,302.0,774.0,146.0,682.0,189.0,749.0,412.0,665.0,396.0,735.0,164.0,428.0,363.0,414.0,141.0,537.0,166.0,623.0,377.0,602.0,132.0,407.0
88,/home/voje-lab/Desktop/NIWA_magnifica_SEM-jpg/Steginoporella magnifica/Steginoporella magnifica NIWA 75440 TAN1108.233 8.jpg,636_377_197_277,636.0,377.0,197.0,277.0,520.0,713.0,519.0,880.0,443.0,633.0,506.0,651.0,447.0,651.0,438.0,749.0,500.0,744.0,539.0,756.0,413.0,769.0,456.0,881.0,422.0,829.0,545.0,819.0,487.0,886.0,414.0,799.0,437.0,856.0,547.0,788.0,535.0,849.0,405.0,678.0,494.0,666.0,401.0,722.0,422.0,751.0,517.0,740.0,393.0,667.0
89,/home/voje-lab/Desktop/NIWA_magnifica_SEM-jpg/Steginoporella magnifica/Steginoporella magnifica NIWA 75440 TAN1108.233 8.jpg,82_834_175_318,82.0,834.0,175.0,318.0,953.0,148.0,958.0,345.0,884.0,74.0,942.0,87.0,888.0,87.0,890.0,203.0,933.0,191.0,961.0,200.0,878.0,222.0,931.0,345.0,900.0,283.0,973.0,272.0,944.0,357.0,888.0,256.0,915.0,312.0,971.0,236.0,967.0,310.0,854.0,114.0,933.0,99.0,854.0,166.0,877.0,204.0,946.0,186.0,842.0,105.0
90,/home/voje-lab/Desktop/NIWA_magnifica_SEM-jpg/Steginoporella magnifica/Steginoporella magnifica NIWA 75440 TAN1108.233 8.jpg,599_207_199_293,599.0,207.0,199.0,293.0,346.0,683.0,369.0,853.0,255.0,623.0,321.0,627.0,261.0,640.0,283.0,733.0,346.0,719.0,370.0,727.0,252.0,756.0,316.0,875.0,269.0,823.0,378.0,787.0,343.0,871.0,255.0,792.0,291.0,852.0,375.0,757.0,376.0,820.0,231.0,670.0,310.0,646.0,236.0,713.0,266.0,739.0,355.0,711.0,217.0,662.0
91,/home/voje-lab/Desktop/NIWA_magnifica_SEM-jpg/Steginoporella magnifica/Steginoporella magnifica NIWA 75440 TAN1108.233 8.jpg,287_754_177_365,287.0,754.0,177.0,365.0,876.0,362.0,860.0,575.0,814.0,276.0,870.0,298.0,817.0,296.0,802.0,414.0,850.0,408.0,881.0,424.0,785.0,435.0,820.0,581.0,793.0,508.0,881.0,500.0,839.0,589.0,788.0,474.0,804.0,545.0,884.0,464.0,873.0,538.0,775.0,324.0,859.0,314.0,771.0,373.0,788.0,415.0,868.0,405.0,763.0,311.0
92,/home/voje-lab/Desktop/NIWA_magnifica_SEM-jpg/Steginoporella magnifica/Steginoporella magnifica NIWA 75440 TAN1108.233 8.jpg,219_390_205_300,219.0,390.0,205.0,300.0,534.0,285.0,541.0,428.0,446.0,215.0,515.0,226.0,450.0,228.0,450.0,347.0,517.0,327.0,554.0,332.0,421.0,363.0,480.0,453.0,435.0,414.0,557.0,381.0,511.0,442.0,424.0,391.0,455.0,436.0,559.0,357.0,551.0,404.0,410.0,260.0,506.0,239.0,409.0,314.0,434.0,350.0,534.0,320.0,397.0,252.0
93,/home/voje-lab/Desktop/NIWA_magnifica_SEM-jpg/Steginoporella magnifica/Steginoporella magnifica NIWA 75440 TAN1108.233 8.jpg,170_181_216_265,170.0,181.0,216.0,265.0,335.0,236.0,354.0,362.0,249.0,167.0,319.0,180.0,254.0,181.0,249.0,298.0,313.0,281.0,357.0,283.0,217.0,313.0,279.0,386.0,231.0,356.0,368.0,324.0,316.0,374.0,219.0,336.0,253.0,373.0,368.0,303.0,364.0,345.0,212.0,213.0,307.0,192.0,210.0,265.0,233.0,302.0,332.0,274.0,200.0,205.0
94,/home/voje-lab/Desktop/NIWA_magnifica_SEM-jpg/Steginoporella magnifica/Steginoporella magnifica NIWA 75440 TAN1108.233 8.jpg,364_90_212_291,364.0,90.0,212.0,291.0,233.0,434.0,260.0,595.0,142.0,368.0,208.0,373.0,148.0,384.0,163.0,500.0,228.0,475.0,260.0,483.0,137.0,523.0,210.0,631.0,157.0,585.0,264.0,537.0,237.0,618.0,141.0,556.0,181.0,611.0,265.0,510.0,264.0,566.0,115.0,419.0,197.0,391.0,122.0,474.0,150.0,506.0,242.0,468.0,102.0,411.0
95,/home/voje-lab/Desktop/NIWA_magnifica_SEM-jpg/Steginoporella magnifica/Steginoporella magnifica NIWA 75440 TAN1108.233 8.jpg,43_652_213_269,43.0,652.0,213.0,269.0,800.0,111.0,827.0,250.0,712.0,47.0,780.0,54.0,717.0,58.0,735.0,180.0,787.0,161.0,820.0,162.0,705.0,195.0,774.0,276.0,725.0,243.0,832.0,204.0,801.0,266.0,712.0,221.0,748.0,261.0,829.0,183.0,832.0,228.0,682.0,93.0,772.0,68.0,687.0,145.0,717.0,184.0,802.0,153.0,669.0,87.0
96,/home/voje-lab/Desktop/NIWA_magnifica_SEM-jpg/Steginoporella magnifica/Steginoporella magnifica NIWA 75440 TAN1108.233 8.jpg,365_903_167_310,365.0,903.0,167.0,310.0,1019.0,431.0,1005.0,622.0,962.0,356.0,1014.0,372.0,965.0,376.0,954.0,480.0,990.0,471.0,1021.0,485.0,939.0,511.0,978.0,630.0,953.0,571.0,1023.0,553.0,992.0,640.0,946.0,543.0,964.0,601.0,1025.0,521.0,1016.0,587.0,931.0,406.0,1005.0,387.0,924.0,452.0,938.0,486.0,1008.0,469.0,919.0,392.0
97,/home/voje-lab/Desktop/NIWA_magnifica_SEM-jpg/Steginoporella magnifica/Steginoporella magnifica NIWA 75440 TAN1108.233 8.jpg,35_485_214_253,35.0,485.0,214.0,253.0,628.0,102.0,661.0,234.0,537.0,41.0,604.0,44.0,543.0,53.0,552.0,173.0,610.0,150.0,654.0,149.0,525.0,189.0,586.0,258.0,543.0,229.0,668.0,190.0,625.0,244.0,529.0,210.0,563.0,246.0,664.0,169.0,668.0,211.0,508.0,87.0,598.0,59.0,511.0,139.0,539.0,178.0,629.0,140.0,495.0,81.0
98,/home/voje-lab/Desktop/NIWA_magnifica_SEM-jpg/Steginoporella magnifica/Steginoporella magnifica NIWA 93133 KWB-Feb B8.jpg,145_674_200_248,145.0,674.0,200.0,248.0,828.0,218.0,824.0,351.0,744.0,135.0,816.0,151.0,748.0,148.0,751.0,276.0,798.0,265.0,845.0,271.0,703.0,291.0,744.0,366.0,708.0,334.0,845.0,312.0,784.0,358.0,702.0,314.0,721.0,351.0,849.0,292.0,838.0,332.0,701.0,184.0,804.0,165.0,696.0,242.0,718.0,282.0,826.0,257.0,685.0,173.0
99,/home/voje-lab/Desktop/NIWA_magnifica_SEM-jpg/Steginoporella magnifica/Steginoporella magnifica NIWA 93133 KWB-Feb B8.jpg,589_766_163_248,589.0,766.0,163.0,248.0,902.0,660.0,886.0,795.0,821.0,579.0,887.0,598.0,826.0,597.0,832.0,709.0,879.0,699.0,908.0,710.0,795.0,730.0,837.0,814.0,806.0,779.0,900.0,753.0,862.0,809.0,797.0,757.0,818.0,797.0,906.0,733.0,895.0,774.0,785.0,630.0,876.0,614.0,781.0,682.0,805.0,716.0,901.0,692.0,770.0,619.0
100,/home/voje-lab/Desktop/NIWA_magnifica_SEM-jpg/Steginoporella magnifica/Steginoporella magnifica NIWA 93133 KWB-Feb B8.jpg,400_230_212_226,400.0,230.0,212.0,226.0,368.0,439.0,412.0,574.0,247.0,396.0,327.0,386.0,260.0,410.0,330.0,521.0,361.0,491.0,397.0,487.0,296.0,558.0,365.0,602.0,322.0,590.0,414.0,527.0,388.0,589.0,307.0,577.0,341.0,598.0,410.0,506.0,416.0,551.0,235.0,457.0,319.0,405.0,257.0,513.0,300.0,541.0,378.0,477.0,216.0,454.0
101,/home/voje-lab/Desktop/NIWA_magnifica_SEM-jpg/Steginoporella magnifica/Steginoporella magnifica NIWA 93133 KWB-Feb B8.jpg,682_480_187_231,682.0,480.0,187.0,231.0,619.0,736.0,631.0,868.0,516.0,685.0,592.0,683.0,525.0,699.0,554.0,804.0,603.0,780.0,638.0,782.0,526.0,837.0,586.0,896.0,549.0,875.0,643.0,825.0,608.0,887.0,536.0,859.0,564.0,887.0,644.0,804.0,640.0,846.0,491.0,739.0,583.0,701.0,496.0,791.0,529.0,818.0,623.0,769.0,474.0,733.0
102,/home/voje-lab/Desktop/NIWA_magnifica_SEM-jpg/Steginoporella magnifica/Steginoporella magnifica NIWA 93133 KWB-Feb B8.jpg,361_721_167_267,361.0,721.0,167.0,267.0,867.0,447.0,843.0,585.0,799.0,356.0,862.0,385.0,800.0,375.0,784.0,490.0,832.0,484.0,862.0,502.0,748.0,507.0,786.0,606.0,755.0,562.0,853.0,543.0,815.0,599.0,748.0,536.0,767.0,585.0,859.0,523.0,849.0,563.0,755.0,402.0,849.0,399.0,744.0,451.0,758.0,492.0,858.0,481.0,741.0,387.0
103,/home/voje-lab/Desktop/NIWA_magnifica_SEM-jpg/Steginoporella magnifica/Steginoporella magnifica NIWA 98542 KAH0907.15 18.jpg,24_409_193_237,24.0,409.0,193.0,237.0,536.0,86.0,557.0,210.0,456.0,21.0,520.0,31.0,462.0,34.0,478.0,151.0,516.0,136.0,544.0,139.0,452.0,173.0,492.0,229.0,462.0,206.0,560.0,173.0,525.0,217.0,456.0,192.0,474.0,219.0,555.0,155.0,563.0,193.0,427.0,70.0,510.0,44.0,429.0,121.0,459.0,159.0,531.0,128.0,413.0,64.0
104,/home/voje-lab/Desktop/NIWA_magnifica_SEM-jpg/Steginoporella magnifica/Steginoporella magnifica NIWA 98542 KAH0907.15 18.jpg,51_925_183_250,51.0,925.0,183.0,250.0,1091.0,148.0,1059.0,262.0,1040.0,52.0,1096.0,86.0,1039.0,69.0,999.0,179.0,1060.0,182.0,1083.0,200.0,967.0,189.0,990.0,273.0,961.0,234.0,1077.0,234.0,1025.0,268.0,959.0,212.0,971.0,254.0,1081.0,217.0,1071.0,249.0,990.0,88.0,1081.0,97.0,972.0,138.0,983.0,183.0,1075.0,184.0,976.0,75.0
105,/home/voje-lab/Desktop/NIWA_magnifica_SEM-jpg/Steginoporella magnifica/Steginoporella magnifica NIWA 98542 KAH0907.15 18.jpg,345_1098_153_266,345.0,1098.0,153.0,266.0,1232.0,428.0,1182.0,585.0,1188.0,330.0,1235.0,363.0,1188.0,347.0,1155.0,461.0,1200.0,462.0,1225.0,481.0,1134.0,471.0,1132.0,564.0,1126.0,516.0,1214.0,533.0,1155.0,576.0,1128.0,493.0,1126.0,540.0,1222.0,508.0,1201.0,558.0,1147.0,366.0,1225.0,373.0,1131.0,414.0,1141.0,458.0,1218.0,459.0,1138.0,351.0
106,/home/voje-lab/Desktop/NIWA_magnifica_SEM-jpg/Steginoporella magnifica/Steginoporella magnifica NIWA 93133 KWB-Feb A7.jpg,607_82_181_229,607.0,82.0,181.0,229.0,247.0,687.0,167.0,803.0,221.0,595.0,266.0,629.0,215.0,607.0,171.0,716.0,206.0,721.0,222.0,742.0,127.0,715.0,115.0,796.0,109.0,756.0,196.0,772.0,141.0,800.0,115.0,735.0,110.0,777.0,209.0,758.0,183.0,788.0,167.0,620.0,248.0,638.0,143.0,665.0,148.0,709.0,225.0,725.0,158.0,607.0
107,/home/voje-lab/Desktop/NIWA_magnifica_SEM-jpg/Steginoporella magnifica/Steginoporella magnifica NIWA 93133 KWB-Feb A7.jpg,578_743_267_153,578.0,743.0,267.0,153.0,957.0,671.0,806.0,718.0,999.0,601.0,1013.0,644.0,985.0,608.0,867.0,636.0,904.0,664.0,901.0,695.0,838.0,623.0,784.0,686.0,805.0,648.0,851.0,711.0,793.0,707.0,818.0,633.0,792.0,665.0,873.0,704.0,827.0,715.0,932.0,591.0,991.0,642.0,883.0,600.0,853.0,623.0,920.0,679.0,930.0,578.0
108,/home/voje-lab/Desktop/NIWA_magnifica_SEM-jpg/Steginoporella magnifica/Steginoporella magnifica NIWA 75440 TAN1108.233 3.jpg,212_480_265_595,212.0,480.0,265.0,595.0,710.0,377.0,607.0,696.0,633.0,199.0,717.0,264.0,629.0,225.0,562.0,426.0,651.0,438.0,687.0,474.0,523.0,441.0,549.0,684.0,523.0,558.0,657.0,589.0,575.0,704.0,520.0,502.0,532.0,620.0,674.0,536.0,635.0,643.0,555.0,253.0,697.0,280.0,526.0,342.0,540.0,418.0,678.0,440.0,543.0,228.0
109,/home/voje-lab/Desktop/NIWA_magnifica_SEM-jpg/Steginoporella magnifica/Steginoporella magnifica NIWA 75440 TAN1108.233 3.jpg,278_11_282_471,278.0,11.0,282.0,471.0,241.0,415.0,229.0,658.0,123.0,278.0,231.0,314.0,126.0,299.0,113.0,504.0,206.0,490.0,253.0,507.0,53.0,518.0,129.0,684.0,67.0,609.0,251.0,583.0,179.0,677.0,52.0,566.0,94.0,648.0,256.0,545.0,244.0,622.0,52.0,347.0,211.0,333.0,44.0,433.0,81.0,504.0,233.0,481.0,32.0,331.0
110,/home/voje-lab/Desktop/NIWA_magnifica_SEM-jpg/Steginoporella magnifica/Steginoporella magnifica NIWA 98542 KAH0907.15 15.jpg,15_184_397_510,15.0,184.0,397.0,510.0,511.0,193.0,463.0,453.0,380.0,11.0,500.0,67.0,382.0,40.0,338.0,280.0,449.0,274.0,527.0,295.0,263.0,299.0,308.0,464.0,250.0,388.0,521.0,381.0,386.0,451.0,248.0,344.0,271.0,429.0,532.0,340.0,500.0,419.0,289.0,87.0,473.0,87.0,262.0,196.0,298.0,282.0,490.0,268.0,266.0,65.0
111,/home/voje-lab/Desktop/NIWA_magnifica_SEM-jpg/Steginoporella magnifica/Steginoporella magnifica NIWA 98542 KAH0907.15 15.jpg,116_882_346_552,116.0,882.0,346.0,552.0,1171.0,307.0,1087.0,601.0,1074.0,102.0,1184.0,175.0,1071.0,136.0,986.0,367.0,1088.0,378.0,1159.0,406.0,940.0,385.0,983.0,569.0,950.0,474.0,1152.0,511.0,1033.0,591.0,942.0,431.0,962.0,517.0,1166.0,460.0,1127.0,558.0,975.0,176.0,1156.0,194.0,932.0,280.0,951.0,358.0,1130.0,375.0,956.0,143.0
112,/home/voje-lab/Desktop/NIWA_magnifica_SEM-jpg/Steginoporella magnifica/Steginoporella magnifica NIWA 122669 B224 B2.jpg,15_341_359_480,15.0,341.0,359.0,480.0,633.0,145.0,561.0,388.0,517.0,9.0,637.0,60.0,517.0,41.0,435.0,200.0,572.0,200.0,635.0,227.0,402.0,228.0,442.0,372.0,408.0,298.0,627.0,313.0,499.0,385.0,403.0,265.0,419.0,337.0,638.0,274.0,603.0,351.0,429.0,77.0,607.0,78.0,401.0,146.0,415.0,199.0,609.0,195.0,406.0,50.0
113,/home/voje-lab/Desktop/NIWA_magnifica_SEM-jpg/Steginoporella magnifica/Steginoporella magnifica NIWA 122669 B224 B2.jpg,416_246_376_409,416.0,246.0,376.0,409.0,575.0,572.0,485.0,736.0,505.0,430.0,594.0,495.0,498.0,456.0,377.0,572.0,499.0,593.0,559.0,631.0,329.0,580.0,341.0,720.0,304.0,645.0,540.0,690.0,413.0,725.0,308.0,611.0,311.0,683.0,555.0,664.0,521.0,713.0,398.0,467.0,567.0,503.0,353.0,516.0,356.0,564.0,540.0,602.0,384.0,438.0
114,/home/voje-lab/Desktop/NIWA_magnifica_SEM-jpg/Steginoporella magnifica/Steginoporella magnifica NIWA 98542 KAH0907.15 9.jpg,10_610_410_513,10.0,610.0,410.0,513.0,972.0,189.0,861.0,450.0,859.0,7.0,984.0,76.0,856.0,35.0,766.0,234.0,904.0,242.0,961.0,282.0,693.0,247.0,730.0,432.0,684.0,344.0,934.0,375.0,797.0,446.0,680.0,295.0,701.0,390.0,953.0,333.0,903.0,417.0,747.0,70.0,951.0,96.0,706.0,155.0,727.0,229.0,938.0,248.0,722.0,45.0
115,/home/voje-lab/Desktop/NIWA_magnifica_SEM-jpg/Steginoporella magnifica/Steginoporella magnifica NIWA 98542 KAH0907.15 9.jpg,298_901_361_485,298.0,901.0,361.0,485.0,1222.0,496.0,1056.0,724.0,1179.0,308.0,1264.0,394.0,1167.0,335.0,1022.0,507.0,1120.0,537.0,1151.0,592.0,967.0,509.0,972.0,708.0,944.0,601.0,1111.0,665.0,1015.0,728.0,948.0,554.0,951.0,651.0,1132.0,630.0,1088.0,697.0,1054.0,339.0,1232.0,403.0,993.0,414.0,990.0,493.0,1159.0,553.0,1037.0,306.0
116,/home/voje-lab/Desktop/NIWA_magnifica_SEM-jpg/Steginoporella magnifica/Steginoporella magnifica NIWA 93133 KWB-Feb B10.jpg,172_417_201_254,172.0,417.0,201.0,254.0,569.0,247.0,568.0,378.0,481.0,167.0,553.0,182.0,486.0,180.0,497.0,305.0,543.0,293.0,589.0,297.0,448.0,321.0,490.0,393.0,454.0,363.0,590.0,339.0,529.0,384.0,447.0,344.0,467.0,379.0,595.0,319.0,582.0,359.0,441.0,215.0,541.0,196.0,439.0,273.0,464.0,312.0,569.0,285.0,425.0,206.0
117,/home/voje-lab/Desktop/NIWA_magnifica_SEM-jpg/Steginoporella magnifica/Steginoporella magnifica NIWA 93133 KWB-Feb B10.jpg,611_525_158_237,611.0,525.0,158.0,237.0,657.0,681.0,648.0,810.0,573.0,604.0,639.0,619.0,578.0,621.0,591.0,730.0,637.0,720.0,665.0,731.0,555.0,752.0,601.0,832.0,568.0,800.0,659.0,770.0,625.0,824.0,559.0,778.0,582.0,817.0,664.0,751.0,655.0,790.0,539.0,654.0,628.0,636.0,539.0,705.0,565.0,738.0,658.0,713.0,525.0,644.0
118,/home/voje-lab/Desktop/NIWA_magnifica_SEM-jpg/Steginoporella magnifica/Steginoporella magnifica NIWA 93133 KWB-Feb B10.jpg,290_110_200_246,290.0,110.0,200.0,246.0,255.0,346.0,287.0,479.0,156.0,276.0,229.0,282.0,165.0,291.0,194.0,419.0,233.0,398.0,283.0,397.0,160.0,443.0,218.0,505.0,179.0,482.0,292.0,437.0,254.0,490.0,167.0,465.0,195.0,495.0,291.0,417.0,293.0,458.0,131.0,333.0,220.0,299.0,139.0,393.0,168.0,429.0,261.0,384.0,113.0,326.0
119,/home/voje-lab/Desktop/NIWA_magnifica_SEM-jpg/Steginoporella magnifica/Steginoporella magnifica NIWA 93133 KWB-Feb B10.jpg,577_363_174_226,577.0,363.0,174.0,226.0,498.0,631.0,501.0,770.0,412.0,582.0,482.0,585.0,418.0,598.0,431.0,685.0,480.0,670.0,511.0,673.0,396.0,711.0,449.0,795.0,412.0,759.0,513.0,719.0,475.0,787.0,402.0,738.0,428.0,779.0,515.0,697.0,509.0,743.0,380.0,630.0,472.0,602.0,382.0,670.0,405.0,694.0,499.0,661.0,365.0,622.0
120,/home/voje-lab/Desktop/NIWA_magnifica_SEM-jpg/Steginoporella magnifica/Steginoporella magnifica NIWA 93133 KWB-Feb B10.jpg,145_968_251_271,145.0,968.0,251.0,271.0,1168.0,261.0,1032.0,381.0,1180.0,148.0,1205.0,207.0,1168.0,160.0,1069.0,248.0,1099.0,279.0,1127.0,313.0,1036.0,237.0,1002.0,344.0,1012.0,285.0,1084.0,354.0,1016.0,369.0,1022.0,259.0,1006.0,314.0,1106.0,336.0,1059.0,370.0,1113.0,150.0,1186.0,206.0,1067.0,184.0,1052.0,233.0,1125.0,293.0,1108.0,132.0
121,/home/voje-lab/Desktop/NIWA_magnifica_SEM-jpg/Steginoporella magnifica/Steginoporella magnifica NIWA 93133 KWB-Feb B10.jpg,496_192_178_223,496.0,192.0,178.0,223.0,325.0,552.0,363.0,695.0,227.0,512.0,295.0,504.0,237.0,528.0,273.0,624.0,317.0,594.0,351.0,592.0,249.0,660.0,329.0,728.0,282.0,704.0,367.0,641.0,346.0,717.0,263.0,685.0,305.0,718.0,361.0,616.0,367.0,667.0,211.0,570.0,289.0,523.0,221.0,622.0,253.0,641.0,335.0,581.0,195.0,567.0
122,/home/voje-lab/Desktop/NIWA_magnifica_SEM-jpg/Steginoporella magnifica/Steginoporella magnifica NIWA 93133 KWB-Feb B10.jpg,705_245_184_233,705.0,245.0,184.0,233.0,383.0,761.0,401.0,888.0,280.0,713.0,353.0,708.0,289.0,727.0,324.0,829.0,371.0,804.0,403.0,805.0,297.0,863.0,359.0,921.0,320.0,901.0,409.0,846.0,380.0,909.0,307.0,885.0,337.0,913.0,409.0,826.0,407.0,867.0,258.0,768.0,345.0,727.0,265.0,819.0,300.0,844.0,388.0,792.0,241.0,763.0
123,/home/voje-lab/Desktop/NIWA_magnifica_SEM-jpg/Steginoporella magnifica/Steginoporella magnifica NIWA 93133 KWB-Feb B10.jpg,393_473_160_254,393.0,473.0,160.0,254.0,613.0,472.0,594.0,606.0,541.0,386.0,605.0,412.0,543.0,403.0,536.0,515.0,583.0,509.0,610.0,524.0,499.0,531.0,542.0,629.0,509.0,586.0,602.0,564.0,569.0,621.0,501.0,560.0,522.0,609.0,607.0,545.0,599.0,584.0,500.0,431.0,592.0,426.0,492.0,479.0,510.0,518.0,608.0,505.0,485.0,418.0
124,/home/voje-lab/Desktop/NIWA_magnifica_SEM-jpg/Steginoporella magnifica/Steginoporella magnifica NIWA 98542 KAH0907.15 19.jpg,112_801_208_267,112.0,801.0,208.0,267.0,982.0,213.0,928.0,342.0,928.0,121.0,990.0,157.0,926.0,136.0,881.0,237.0,949.0,240.0,977.0,259.0,842.0,242.0,858.0,337.0,832.0,292.0,963.0,306.0,894.0,342.0,831.0,267.0,841.0,316.0,973.0,284.0,949.0,325.0,871.0,152.0,973.0,167.0,851.0,195.0,861.0,234.0,965.0,242.0,859.0,139.0
125,/home/voje-lab/Desktop/NIWA_magnifica_SEM-jpg/Steginoporella magnifica/Steginoporella magnifica NIWA 98542 KAH0907.15 19.jpg,622_536_191_262,622.0,536.0,191.0,262.0,703.0,733.0,634.0,858.0,660.0,623.0,714.0,668.0,656.0,641.0,607.0,749.0,663.0,760.0,695.0,783.0,571.0,753.0,572.0,837.0,563.0,796.0,674.0,825.0,601.0,849.0,565.0,775.0,565.0,816.0,689.0,805.0,658.0,842.0,604.0,653.0,697.0,678.0,579.0,700.0,583.0,744.0,686.0,765.0,594.0,635.0
126,/home/voje-lab/Desktop/NIWA_magnifica_SEM-jpg/Steginoporella magnifica/Steginoporella magnifica NIWA 98542 KAH0907.15 19.jpg,670_364_199_274,670.0,364.0,199.0,274.0,530.0,765.0,456.0,886.0,493.0,663.0,542.0,706.0,488.0,682.0,435.0,788.0,485.0,796.0,511.0,820.0,403.0,796.0,399.0,882.0,388.0,841.0,489.0,856.0,426.0,886.0,393.0,819.0,390.0,862.0,502.0,838.0,475.0,871.0,435.0,694.0,526.0,716.0,409.0,742.0,416.0,784.0,508.0,801.0,425.0,678.0
127,/home/voje-lab/Desktop/NIWA_magnifica_SEM-jpg/Steginoporella magnifica/Steginoporella magnifica NIWA 98542 KAH0907.15 19.jpg,562_716_196_255,562.0,716.0,196.0,255.0,895.0,659.0,810.0,776.0,861.0,559.0,910.0,600.0,856.0,574.0,796.0,677.0,846.0,685.0,878.0,705.0,754.0,674.0,755.0,755.0,745.0,715.0,851.0,745.0,781.0,769.0,745.0,695.0,747.0,734.0,869.0,725.0,834.0,760.0,800.0,582.0,894.0,608.0,769.0,627.0,772.0,670.0,869.0,689.0,790.0,566.0
128,/home/voje-lab/Desktop/NIWA_magnifica_SEM-jpg/Steginoporella magnifica/Steginoporella magnifica NIWA 98542 KAH0907.15 19.jpg,473_290_180_260,473.0,290.0,180.0,260.0,449.0,577.0,378.0,697.0,405.0,483.0,457.0,521.0,403.0,499.0,360.0,597.0,412.0,607.0,433.0,630.0,332.0,606.0,333.0,684.0,323.0,645.0,414.0,668.0,353.0,695.0,326.0,627.0,325.0,664.0,427.0,649.0,399.0,684.0,352.0,510.0,442.0,531.0,332.0,554.0,341.0,593.0,428.0,610.0,342.0,495.0
129,/home/voje-lab/Desktop/NIWA_magnifica_SEM-jpg/Steginoporella magnifica/Steginoporella magnifica NIWA 98542 KAH0907.15 19.jpg,249_74_160_319,249.0,74.0,160.0,319.0,209.0,335.0,170.0,505.0,143.0,238.0,203.0,262.0,146.0,259.0,144.0,385.0,186.0,376.0,204.0,397.0,117.0,408.0,136.0,510.0,120.0,463.0,192.0,452.0,152.0,516.0,117.0,438.0,125.0,487.0,200.0,426.0,183.0,479.0,107.0,288.0,191.0,280.0,102.0,346.0,125.0,387.0,200.0,371.0,95.0,274.0
130,/home/voje-lab/Desktop/NIWA_magnifica_SEM-jpg/Steginoporella magnifica/Steginoporella magnifica NIWA 98542 KAH0907.15 19.jpg,707_29_197_248,707.0,29.0,197.0,248.0,192.0,800.0,115.0,929.0,144.0,705.0,200.0,743.0,142.0,722.0,104.0,825.0,150.0,835.0,172.0,859.0,73.0,835.0,75.0,913.0,68.0,876.0,151.0,896.0,93.0,926.0,70.0,857.0,69.0,893.0,164.0,878.0,136.0,913.0,92.0,733.0,184.0,752.0,69.0,777.0,82.0,822.0,169.0,839.0,81.0,718.0
131,/home/voje-lab/Desktop/NIWA_magnifica_SEM-jpg/Steginoporella magnifica/Steginoporella magnifica NIWA 98542 KAH0907.15 19.jpg,266_948_184_230,266.0,948.0,184.0,230.0,1105.0,367.0,1021.0,482.0,1086.0,271.0,1128.0,316.0,1079.0,285.0,1006.0,373.0,1054.0,388.0,1071.0,416.0,980.0,374.0,982.0,473.0,969.0,420.0,1049.0,452.0,1002.0,484.0,972.0,397.0,972.0,445.0,1060.0,436.0,1038.0,469.0,1025.0,286.0,1112.0,320.0,994.0,323.0,991.0,366.0,1074.0,396.0,1017.0,270.0
132,/home/voje-lab/Desktop/NIWA_magnifica_SEM-jpg/Steginoporella magnifica/Steginoporella magnifica NIWA 98542 KAH0907.15 19.jpg,682_207_183_253,682.0,207.0,183.0,253.0,366.0,789.0,281.0,894.0,349.0,686.0,387.0,737.0,343.0,702.0,283.0,791.0,324.0,810.0,340.0,838.0,245.0,788.0,225.0,868.0,221.0,826.0,320.0,871.0,250.0,880.0,230.0,806.0,219.0,847.0,333.0,854.0,303.0,883.0,293.0,700.0,371.0,741.0,263.0,740.0,259.0,781.0,338.0,820.0,287.0,683.0
133,/home/voje-lab/Desktop/NIWA_magnifica_SEM-jpg/Steginoporella magnifica/Steginoporella magnifica NIWA 98542 KAH0907.15 19.jpg,493_142_174_266,493.0,142.0,174.0,266.0,290.0,603.0,220.0,752.0,260.0,497.0,306.0,545.0,256.0,515.0,202.0,609.0,252.0,626.0,273.0,658.0,175.0,614.0,173.0,721.0,169.0,663.0,256.0,708.0,195.0,742.0,172.0,640.0,168.0,690.0,268.0,684.0,241.0,730.0,207.0,521.0,290.0,554.0,183.0,560.0,183.0,602.0,271.0,635.0,199.0,502.0
134,/home/voje-lab/Desktop/NIWA_magnifica_SEM-jpg/Steginoporella magnifica/Steginoporella magnifica NIWA 122574 Z8662 7.jpg,11_525_373_473,11.0,525.0,373.0,473.0,781.0,143.0,800.0,380.0,623.0,16.0,749.0,39.0,635.0,44.0,640.0,271.0,748.0,233.0,827.0,230.0,609.0,309.0,695.0,401.0,646.0,363.0,834.0,307.0,745.0,391.0,626.0,342.0,668.0,382.0,840.0,271.0,822.0,342.0,576.0,113.0,732.0,59.0,575.0,213.0,616.0,289.0,786.0,217.0,545.0,98.0
135,/home/voje-lab/Desktop/NIWA_magnifica_SEM-jpg/Steginoporella magnifica/Steginoporella magnifica NIWA 122574 Z8662 7.jpg,127_858_390_453,127.0,858.0,390.0,453.0,1162.0,290.0,1105.0,469.0,1043.0,120.0,1160.0,177.0,1044.0,151.0,974.0,359.0,1098.0,356.0,1155.0,382.0,916.0,376.0,971.0,484.0,922.0,435.0,1140.0,431.0,1039.0,474.0,912.0,410.0,939.0,459.0,1150.0,409.0,1127.0,449.0,954.0,191.0,1131.0,196.0,918.0,283.0,939.0,363.0,1138.0,353.0,925.0,167.0
136,/home/voje-lab/Desktop/NIWA_magnifica_SEM-jpg/Steginoporella magnifica/Steginoporella magnifica NIWA 122574 Z8662 7.jpg,121_11_365_424,121.0,11.0,365.0,424.0,194.0,180.0,320.0,371.0,29.0,189.0,124.0,121.0,56.0,207.0,148.0,349.0,204.0,262.0,243.0,232.0,140.0,428.0,287.0,469.0,206.0,469.0,289.0,293.0,305.0,430.0,169.0,454.0,244.0,472.0,268.0,261.0,307.0,330.0,43.0,294.0,124.0,156.0,80.0,367.0,133.0,390.0,222.0,226.0,15.0,295.0
137,/home/voje-lab/Desktop/NIWA_magnifica_SEM-jpg/Steginoporella magnifica/Steginoporella magnifica NIWA 122669 B224 B1.jpg,331_532_352_435,331.0,532.0,352.0,435.0,847.0,475.0,746.0,668.0,767.0,341.0,864.0,398.0,765.0,367.0,676.0,501.0,781.0,515.0,825.0,551.0,610.0,522.0,613.0,654.0,589.0,586.0,800.0,612.0,678.0,659.0,595.0,555.0,592.0,621.0,817.0,583.0,780.0,639.0,670.0,393.0,834.0,412.0,632.0,450.0,638.0,499.0,822.0,519.0,652.0,366.0
138,/home/voje-lab/Desktop/NIWA_magnifica_SEM-jpg/Steginoporella magnifica/Steginoporella magnifica NIWA 122669 B224 B1.jpg,224_855_397_422,224.0,855.0,397.0,422.0,1211.0,373.0,1100.0,548.0,1156.0,226.0,1240.0,294.0,1148.0,253.0,1009.0,374.0,1127.0,396.0,1189.0,434.0,961.0,382.0,957.0,526.0,932.0,450.0,1161.0,498.0,1027.0,533.0,939.0,414.0,934.0,488.0,1180.0,470.0,1140.0,524.0,1045.0,264.0,1210.0,303.0,992.0,315.0,989.0,367.0,1169.0,405.0,1029.0,234.0
139,/home/voje-lab/Desktop/NIWA_magnifica_SEM-jpg/Steginoporella magnifica/Steginoporella magnifica NIWA 122669 B224 B1.jpg,97_353_318_448,97.0,353.0,318.0,448.0,616.0,218.0,550.0,436.0,497.0,87.0,609.0,127.0,500.0,116.0,460.0,271.0,576.0,270.0,617.0,297.0,409.0,299.0,452.0,447.0,415.0,377.0,592.0,366.0,498.0,449.0,408.0,342.0,427.0,415.0,610.0,334.0,575.0,398.0,422.0,151.0,583.0,150.0,403.0,223.0,429.0,272.0,604.0,265.0,399.0,129.0
140,/home/voje-lab/Desktop/NIWA_magnifica_SEM-jpg/Steginoporella magnifica/Steginoporella magnifica NIWA 122669 B224 B1.jpg,11_50_332_553,11.0,50.0,332.0,553.0,304.0,146.0,307.0,429.0,155.0,42.0,275.0,54.0,162.0,70.0,189.0,253.0,275.0,218.0,317.0,231.0,130.0,290.0,234.0,472.0,162.0,393.0,317.0,324.0,271.0,461.0,137.0,346.0,195.0,437.0,320.0,279.0,315.0,375.0,100.0,134.0,258.0,84.0,104.0,221.0,153.0,269.0,304.0,204.0,77.0,117.0
141,/home/voje-lab/Desktop/NIWA_magnifica_SEM-jpg/Steginoporella magnifica/Steginoporella magnifica NIWA 98542 KAH0907.15 11.jpg,340_522_390_507,340.0,522.0,390.0,507.0,866.0,522.0,798.0,761.0,752.0,334.0,867.0,400.0,752.0,365.0,681.0,589.0,800.0,592.0,851.0,622.0,608.0,598.0,654.0,775.0,593.0,693.0,835.0,694.0,729.0,767.0,589.0,646.0,616.0,736.0,845.0,658.0,822.0,730.0,654.0,401.0,838.0,418.0,619.0,503.0,646.0,589.0,836.0,590.0,628.0,377.0
142,/home/voje-lab/Desktop/NIWA_magnifica_SEM-jpg/Steginoporella magnifica/Steginoporella magnifica NIWA 122669 B224 B7.jpg,60_191_183_292,60.0,191.0,183.0,292.0,339.0,124.0,324.0,272.0,260.0,58.0,328.0,70.0,266.0,74.0,249.0,181.0,310.0,166.0,341.0,175.0,226.0,201.0,267.0,303.0,233.0,254.0,338.0,221.0,295.0,291.0,227.0,230.0,246.0,280.0,341.0,199.0,332.0,244.0,224.0,108.0,318.0,85.0,216.0,149.0,234.0,185.0,333.0,158.0,206.0,96.0
143,/home/voje-lab/Desktop/NIWA_magnifica_SEM-jpg/Steginoporella magnifica/Steginoporella magnifica NIWA 122669 B224 B7.jpg,201_474_189_293,201.0,474.0,189.0,293.0,646.0,288.0,591.0,441.0,604.0,188.0,652.0,220.0,603.0,207.0,554.0,322.0,604.0,321.0,637.0,338.0,522.0,336.0,521.0,444.0,509.0,387.0,625.0,392.0,555.0,439.0,513.0,361.0,511.0,417.0,634.0,368.0,612.0,416.0,556.0,231.0,641.0,232.0,530.0,285.0,532.0,321.0,627.0,319.0,545.0,214.0
144,/home/voje-lab/Desktop/NIWA_magnifica_SEM-jpg/Steginoporella magnifica/Steginoporella magnifica NIWA 122669 B224 B7.jpg,661_349_238_276,661.0,349.0,238.0,276.0,541.0,742.0,507.0,868.0,471.0,660.0,543.0,692.0,473.0,675.0,434.0,781.0,496.0,779.0,544.0,793.0,389.0,794.0,402.0,871.0,378.0,833.0,539.0,833.0,454.0,864.0,382.0,815.0,383.0,854.0,544.0,815.0,529.0,853.0,412.0,701.0,527.0,701.0,392.0,744.0,402.0,780.0,528.0,777.0,399.0,688.0
145,/home/voje-lab/Desktop/NIWA_magnifica_SEM-jpg/Steginoporella magnifica/Steginoporella magnifica NIWA 122669 B224 B7.jpg,340_634_177_291,340.0,634.0,177.0,291.0,778.0,420.0,736.0,571.0,734.0,324.0,783.0,357.0,733.0,342.0,682.0,452.0,733.0,452.0,771.0,468.0,665.0,466.0,688.0,577.0,668.0,520.0,758.0,521.0,711.0,577.0,664.0,494.0,674.0,548.0,767.0,498.0,749.0,544.0,688.0,365.0,773.0,368.0,666.0,411.0,670.0,450.0,761.0,450.0,678.0,348.0
146,/home/voje-lab/Desktop/NIWA_magnifica_SEM-jpg/Steginoporella magnifica/Steginoporella magnifica NIWA 122669 B224 B7.jpg,423_311_185_298,423.0,311.0,185.0,298.0,472.0,498.0,440.0,626.0,418.0,422.0,477.0,450.0,417.0,437.0,376.0,533.0,442.0,531.0,473.0,543.0,345.0,544.0,373.0,638.0,341.0,592.0,466.0,588.0,407.0,632.0,338.0,569.0,354.0,616.0,473.0,566.0,457.0,607.0,367.0,461.0,462.0,460.0,350.0,502.0,360.0,533.0,459.0,528.0,356.0,448.0
147,/home/voje-lab/Desktop/NIWA_magnifica_SEM-jpg/Steginoporella magnifica/Steginoporella magnifica NIWA 122669 B224 B7.jpg,65_644_176_298,65.0,644.0,176.0,298.0,791.0,156.0,752.0,313.0,752.0,56.0,800.0,94.0,751.0,76.0,690.0,180.0,749.0,185.0,788.0,204.0,674.0,191.0,701.0,316.0,678.0,247.0,780.0,263.0,726.0,319.0,673.0,219.0,687.0,280.0,787.0,236.0,769.0,287.0,704.0,95.0,788.0,104.0,680.0,140.0,681.0,176.0,772.0,186.0,694.0,77.0
148,/home/voje-lab/Desktop/NIWA_magnifica_SEM-jpg/Steginoporella magnifica/Steginoporella magnifica NIWA 122669 B224 B7.jpg,454_457_195_262,454.0,457.0,195.0,262.0,629.0,537.0,556.0,673.0,588.0,455.0,638.0,487.0,587.0,470.0,529.0,561.0,592.0,563.0,617.0,579.0,505.0,570.0,514.0,651.0,504.0,608.0,597.0,629.0,532.0,665.0,502.0,591.0,507.0,627.0,610.0,605.0,581.0,651.0,538.0,487.0,625.0,494.0,511.0,526.0,515.0,559.0,610.0,563.0,529.0,471.0
149,/home/voje-lab/Desktop/NIWA_magnifica_SEM-jpg/Steginoporella magnifica/Steginoporella magnifica NIWA 122669 B224 B7.jpg,441_755_186_232,441.0,755.0,186.0,232.0,919.0,532.0,852.0,649.0,891.0,431.0,934.0,475.0,887.0,448.0,819.0,552.0,874.0,559.0,907.0,580.0,790.0,559.0,786.0,638.0,782.0,595.0,884.0,618.0,817.0,638.0,785.0,577.0,780.0,617.0,897.0,603.0,871.0,635.0,842.0,462.0,921.0,481.0,808.0,510.0,800.0,549.0,897.0,562.0,833.0,446.0
150,/home/voje-lab/Desktop/NIWA_magnifica_SEM-jpg/Steginoporella magnifica/Steginoporella magnifica NIWA 122669 B224 B7.jpg,592_567_179_259,592.0,567.0,179.0,259.0,722.0,686.0,639.0,832.0,712.0,589.0,749.0,631.0,707.0,608.0,625.0,701.0,672.0,713.0,693.0,735.0,597.0,704.0,590.0,820.0,581.0,756.0,672.0,786.0,612.0,828.0,585.0,729.0,583.0,787.0,683.0,761.0,659.0,809.0,658.0,618.0,732.0,638.0,620.0,658.0,611.0,697.0,692.0,717.0,650.0,597.0
151,/home/voje-lab/Desktop/NIWA_magnifica_SEM-jpg/Steginoporella magnifica/Steginoporella magnifica NIWA 122669 B224 B7.jpg,644_675_203_262,644.0,675.0,203.0,262.0,843.0,743.0,758.0,867.0,836.0,656.0,868.0,695.0,830.0,672.0,747.0,751.0,797.0,767.0,821.0,791.0,731.0,756.0,727.0,848.0,724.0,796.0,796.0,834.0,740.0,862.0,725.0,777.0,724.0,819.0,810.0,815.0,779.0,852.0,780.0,674.0,853.0,700.0,744.0,709.0,736.0,746.0,816.0,776.0,773.0,657.0
152,/home/voje-lab/Desktop/NIWA_magnifica_SEM-jpg/Steginoporella magnifica/Steginoporella magnifica NIWA 122669 B224 B7.jpg,656_987_186_242,656.0,987.0,186.0,242.0,1134.0,770.0,1058.0,876.0,1129.0,665.0,1159.0,715.0,1122.0,679.0,1041.0,759.0,1094.0,780.0,1118.0,809.0,1027.0,760.0,1022.0,855.0,1020.0,802.0,1093.0,847.0,1038.0,869.0,1022.0,781.0,1018.0,828.0,1109.0,831.0,1077.0,861.0,1076.0,679.0,1147.0,721.0,1042.0,714.0,1032.0,750.0,1111.0,789.0,1072.0,662.0
153,/home/voje-lab/Desktop/NIWA_magnifica_SEM-jpg/Steginoporella magnifica/Steginoporella magnifica NIWA 93133 KWB-Feb C1.jpg,300_224_282_455,300.0,224.0,282.0,455.0,405.0,409.0,449.0,654.0,264.0,316.0,357.0,312.0,275.0,336.0,332.0,496.0,404.0,464.0,445.0,478.0,290.0,535.0,380.0,686.0,323.0,622.0,450.0,562.0,416.0,677.0,302.0,583.0,349.0,657.0,450.0,522.0,451.0,609.0,235.0,396.0,350.0,340.0,257.0,479.0,302.0,512.0,423.0,454.0,214.0,389.0
154,/home/voje-lab/Desktop/NIWA_magnifica_SEM-jpg/Steginoporella magnifica/Steginoporella magnifica NIWA 93133 KWB-Feb C1.jpg,314_742_273_484,314.0,742.0,273.0,484.0,984.0,488.0,873.0,717.0,919.0,317.0,1005.0,387.0,914.0,346.0,824.0,520.0,908.0,533.0,970.0,563.0,785.0,533.0,810.0,684.0,793.0,599.0,944.0,653.0,836.0,710.0,789.0,569.0,798.0,637.0,964.0,616.0,913.0,688.0,834.0,367.0,982.0,400.0,788.0,446.0,792.0,511.0,950.0,536.0,819.0,337.0
155,/home/voje-lab/Desktop/NIWA_magnifica_SEM-jpg/Steginoporella magnifica/Steginoporella magnifica NIWA 93133 KWB-Feb C1.jpg,360_483_269_446,360.0,483.0,269.0,446.0,711.0,481.0,689.0,710.0,589.0,352.0,700.0,384.0,595.0,378.0,578.0,559.0,664.0,540.0,710.0,557.0,537.0,587.0,620.0,731.0,558.0,665.0,709.0,633.0,655.0,733.0,544.0,632.0,585.0,699.0,710.0,597.0,703.0,673.0,526.0,426.0,679.0,406.0,516.0,508.0,550.0,564.0,698.0,530.0,504.0,407.0
156,/home/voje-lab/Desktop/NIWA_magnifica_SEM-jpg/Steginoporella magnifica/Steginoporella magnifica NIWA 122669 B224 B4.jpg,489_148_411_642,489.0,148.0,411.0,642.0,498.0,627.0,432.0,954.0,355.0,468.0,492.0,517.0,358.0,502.0,300.0,725.0,414.0,710.0,483.0,747.0,227.0,759.0,328.0,1001.0,246.0,882.0,461.0,847.0,381.0,992.0,227.0,823.0,279.0,942.0,474.0,797.0,450.0,900.0,250.0,560.0,466.0,541.0,223.0,656.0,253.0,731.0,476.0,697.0,219.0,531.0
157,/home/voje-lab/Desktop/NIWA_magnifica_SEM-jpg/Steginoporella magnifica/Steginoporella magnifica NIWA 122669 B224 B4.jpg,117_510_457_605,117.0,510.0,457.0,605.0,897.0,305.0,820.0,560.0,768.0,126.0,902.0,197.0,768.0,156.0,679.0,382.0,802.0,382.0,898.0,408.0,590.0,398.0,610.0,563.0,567.0,479.0,880.0,489.0,714.0,545.0,573.0,440.0,576.0,525.0,893.0,451.0,861.0,527.0,647.0,207.0,873.0,215.0,603.0,294.0,619.0,377.0,867.0,379.0,622.0,179.0
158,/home/voje-lab/Desktop/NIWA_magnifica_SEM-jpg/Steginoporella magnifica/Steginoporella magnifica NIWA 122669 B224 B4.jpg,589_482_397_587,589.0,482.0,397.0,587.0,842.0,787.0,651.0,1081.0,765.0,568.0,875.0,660.0,758.0,611.0,635.0,812.0,740.0,839.0,798.0,899.0,585.0,839.0,567.0,1041.0,565.0,932.0,744.0,1003.0,600.0,1070.0,576.0,888.0,559.0,984.0,776.0,959.0,705.0,1043.0,653.0,627.0,840.0,680.0,591.0,717.0,598.0,805.0,789.0,850.0,628.0,585.0
159,/home/voje-lab/Desktop/NIWA_magnifica_SEM-jpg/Steginoporella magnifica/Steginoporella magnifica NIWA 122669 B224 B5.jpg,276_101_354_437,276.0,101.0,354.0,437.0,352.0,367.0,376.0,585.0,207.0,283.0,320.0,287.0,218.0,309.0,238.0,469.0,322.0,431.0,380.0,441.0,207.0,513.0,296.0,618.0,240.0,571.0,396.0,510.0,334.0,609.0,225.0,549.0,264.0,599.0,396.0,477.0,390.0,545.0,153.0,369.0,301.0,315.0,159.0,438.0,207.0,480.0,356.0,417.0,128.0,355.0
160,/home/voje-lab/Desktop/NIWA_magnifica_SEM-jpg/Steginoporella magnifica/Steginoporella magnifica NIWA 122669 B224 B5.jpg,469_431_303_460,469.0,431.0,303.0,460.0,665.0,577.0,653.0,793.0,531.0,472.0,650.0,492.0,538.0,503.0,542.0,664.0,625.0,638.0,678.0,654.0,486.0,716.0,559.0,824.0,508.0,782.0,679.0,725.0,607.0,814.0,496.0,755.0,530.0,808.0,685.0,694.0,670.0,759.0,469.0,563.0,629.0,523.0,463.0,638.0,492.0,684.0,662.0,627.0,443.0,544.0
161,/home/voje-lab/Desktop/NIWA_magnifica_SEM-jpg/Steginoporella magnifica/Steginoporella magnifica NIWA 75440 TAN1108.233 6.jpg,595_696_202_301,595.0,696.0,202.0,301.0,869.0,694.0,807.0,847.0,825.0,591.0,875.0,631.0,821.0,608.0,765.0,715.0,837.0,723.0,865.0,748.0,734.0,722.0,752.0,845.0,726.0,783.0,841.0,802.0,779.0,851.0,724.0,751.0,736.0,813.0,856.0,777.0,826.0,824.0,769.0,622.0,860.0,640.0,748.0,671.0,753.0,712.0,854.0,726.0,760.0,606.0
162,/home/voje-lab/Desktop/NIWA_magnifica_SEM-jpg/Steginoporella magnifica/Steginoporella magnifica NIWA 75440 TAN1108.233 6.jpg,614_391_202_310,614.0,391.0,202.0,310.0,551.0,704.0,506.0,876.0,501.0,611.0,553.0,646.0,501.0,628.0,455.0,734.0,525.0,736.0,559.0,756.0,427.0,741.0,446.0,861.0,423.0,799.0,547.0,821.0,474.0,873.0,421.0,770.0,431.0,830.0,558.0,790.0,531.0,849.0,454.0,645.0,540.0,656.0,434.0,693.0,443.0,731.0,540.0,738.0,445.0,631.0
163,/home/voje-lab/Desktop/NIWA_magnifica_SEM-jpg/Steginoporella magnifica/Steginoporella magnifica NIWA 75440 TAN1108.233 6.jpg,222_250_202_261,222.0,250.0,202.0,261.0,405.0,297.0,399.0,426.0,327.0,228.0,394.0,241.0,330.0,241.0,318.0,348.0,388.0,339.0,422.0,343.0,281.0,359.0,312.0,443.0,277.0,406.0,422.0,385.0,356.0,432.0,272.0,383.0,291.0,427.0,426.0,363.0,414.0,406.0,286.0,270.0,381.0,254.0,282.0,317.0,302.0,352.0,401.0,332.0,273.0,263.0
164,/home/voje-lab/Desktop/NIWA_magnifica_SEM-jpg/Steginoporella magnifica/Steginoporella magnifica NIWA 75440 TAN1108.233 6.jpg,336_722_203_273,336.0,722.0,203.0,273.0,897.0,438.0,846.0,566.0,853.0,338.0,905.0,379.0,850.0,352.0,793.0,460.0,858.0,470.0,892.0,488.0,763.0,463.0,777.0,560.0,752.0,511.0,878.0,532.0,811.0,564.0,752.0,486.0,761.0,536.0,888.0,511.0,865.0,550.0,797.0,365.0,891.0,386.0,775.0,411.0,781.0,457.0,878.0,471.0,787.0,351.0
165,/home/voje-lab/Desktop/NIWA_magnifica_SEM-jpg/Steginoporella magnifica/Steginoporella magnifica NIWA 75440 TAN1108.233 6.jpg,869_681_192_279,869.0,681.0,192.0,279.0,848.0,970.0,783.0,1120.0,806.0,874.0,856.0,915.0,803.0,892.0,753.0,976.0,820.0,990.0,837.0,1020.0,718.0,983.0,727.0,1114.0,706.0,1046.0,816.0,1072.0,754.0,1123.0,707.0,1014.0,713.0,1080.0,829.0,1047.0,801.0,1095.0,751.0,900.0,840.0,926.0,730.0,937.0,738.0,972.0,834.0,995.0,743.0,883.0
166,/home/voje-lab/Desktop/NIWA_magnifica_SEM-jpg/Steginoporella magnifica/Steginoporella magnifica NIWA 75440 TAN1108.233 6.jpg,962_812_211_264,962.0,812.0,211.0,264.0,991.0,1066.0,913.0,1201.0,969.0,970.0,1008.0,1013.0,963.0,986.0,890.0,1061.0,948.0,1081.0,979.0,1108.0,862.0,1066.0,855.0,1181.0,844.0,1120.0,958.0,1160.0,882.0,1195.0,849.0,1091.0,845.0,1149.0,972.0,1136.0,939.0,1182.0,906.0,990.0,990.0,1019.0,877.0,1023.0,877.0,1054.0,967.0,1089.0,900.0,972.0
167,/home/voje-lab/Desktop/NIWA_magnifica_SEM-jpg/Steginoporella magnifica/Steginoporella magnifica NIWA 75440 TAN1108.233 6.jpg,234_572_200_268,234.0,572.0,200.0,268.0,737.0,318.0,707.0,466.0,678.0,219.0,734.0,252.0,676.0,233.0,639.0,352.0,708.0,354.0,743.0,371.0,607.0,360.0,647.0,464.0,615.0,416.0,735.0,423.0,677.0,468.0,606.0,388.0,628.0,440.0,743.0,397.0,724.0,446.0,629.0,253.0,721.0,261.0,611.0,308.0,623.0,350.0,724.0,353.0,619.0,241.0
168,/home/voje-lab/Desktop/NIWA_magnifica_SEM-jpg/Steginoporella magnifica/Steginoporella magnifica NIWA 93133 KWB-Feb A8.jpg,359_526_202_237,359.0,526.0,202.0,237.0,706.0,468.0,599.0,563.0,688.0,355.0,729.0,408.0,681.0,367.0,606.0,470.0,644.0,492.0,673.0,522.0,568.0,463.0,551.0,531.0,552.0,496.0,641.0,547.0,573.0,549.0,558.0,479.0,549.0,512.0,659.0,535.0,622.0,557.0,622.0,367.0,712.0,411.0,585.0,410.0,584.0,458.0,672.0,503.0,616.0,351.0
169,/home/voje-lab/Desktop/NIWA_magnifica_SEM-jpg/Steginoporella magnifica/Steginoporella magnifica NIWA 93133 KWB-Feb A8.jpg,285_389_189_266,285.0,389.0,189.0,266.0,548.0,366.0,509.0,504.0,487.0,261.0,548.0,296.0,487.0,276.0,471.0,411.0,515.0,412.0,536.0,431.0,431.0,418.0,467.0,512.0,436.0,469.0,523.0,468.0,487.0,512.0,430.0,445.0,449.0,491.0,530.0,450.0,516.0,488.0,441.0,301.0,533.0,308.0,429.0,361.0,446.0,408.0,536.0,410.0,428.0,288.0
170,/home/voje-lab/Desktop/NIWA_magnifica_SEM-jpg/Steginoporella magnifica/Steginoporella magnifica NIWA 93133 KWB-Feb A8.jpg,554_530_242_235,554.0,530.0,242.0,235.0,743.0,677.0,615.0,750.0,767.0,565.0,790.0,627.0,753.0,576.0,643.0,651.0,679.0,685.0,691.0,722.0,604.0,633.0,580.0,716.0,582.0,670.0,652.0,742.0,596.0,736.0,590.0,651.0,577.0,690.0,671.0,733.0,635.0,749.0,696.0,559.0,770.0,626.0,645.0,587.0,624.0,635.0,700.0,702.0,693.0,539.0
171,/home/voje-lab/Desktop/NIWA_magnifica_SEM-jpg/Steginoporella magnifica/Steginoporella magnifica NIWA 93133 KWB-Feb A8.jpg,142_524_179_241,142.0,524.0,179.0,241.0,682.0,228.0,636.0,353.0,629.0,124.0,686.0,162.0,627.0,138.0,598.0,262.0,638.0,265.0,666.0,284.0,558.0,266.0,587.0,358.0,561.0,315.0,652.0,321.0,611.0,358.0,556.0,292.0,572.0,337.0,659.0,303.0,645.0,338.0,579.0,158.0,670.0,172.0,561.0,210.0,573.0,257.0,664.0,265.0,567.0,144.0
172,/home/voje-lab/Desktop/NIWA_magnifica_SEM-jpg/Steginoporella magnifica/Steginoporella magnifica NIWA 75440 TAN1108.233 1.jpg,252_495_327_474,252.0,495.0,327.0,474.0,737.0,374.0,713.0,705.0,607.0,247.0,714.0,273.0,614.0,274.0,598.0,471.0,698.0,446.0,767.0,461.0,556.0,505.0,632.0,716.0,579.0,615.0,762.0,584.0,671.0,721.0,562.0,562.0,602.0,667.0,773.0,524.0,742.0,643.0,545.0,324.0,696.0,296.0,536.0,413.0,570.0,474.0,729.0,436.0,524.0,307.0
173,/home/voje-lab/Desktop/NIWA_magnifica_SEM-jpg/Steginoporella magnifica/Steginoporella magnifica NIWA 75440 TAN1108.233 1.jpg,460_296_311_481,460.0,296.0,311.0,481.0,530.0,594.0,510.0,834.0,389.0,483.0,499.0,498.0,397.0,506.0,410.0,683.0,505.0,659.0,558.0,671.0,362.0,717.0,431.0,853.0,383.0,796.0,549.0,753.0,468.0,855.0,368.0,762.0,404.0,828.0,561.0,713.0,533.0,791.0,336.0,557.0,482.0,522.0,336.0,639.0,383.0,694.0,527.0,648.0,317.0,543.0
174,/home/voje-lab/Desktop/NIWA_magnifica_SEM-jpg/Steginoporella magnifica/Steginoporella magnifica NIWA 75440 TAN1108.233 1.jpg,95_166_349_460,95.0,166.0,349.0,460.0,418.0,213.0,445.0,435.0,269.0,118.0,384.0,120.0,279.0,138.0,291.0,319.0,403.0,286.0,460.0,287.0,237.0,351.0,307.0,481.0,241.0,428.0,474.0,359.0,376.0,455.0,228.0,391.0,268.0,460.0,475.0,321.0,465.0,395.0,216.0,199.0,367.0,145.0,221.0,279.0,265.0,332.0,422.0,271.0,192.0,190.0
175,/home/voje-lab/Desktop/NIWA_magnifica_SEM-jpg/Steginoporella magnifica/Steginoporella magnifica NIWA 75440 TAN1108.233 1.jpg,437_767_320_531,437.0,767.0,320.0,531.0,1029.0,592.0,998.0,852.0,907.0,431.0,1011.0,474.0,911.0,459.0,879.0,669.0,992.0,659.0,1040.0,685.0,820.0,694.0,902.0,875.0,836.0,794.0,1031.0,770.0,951.0,870.0,818.0,746.0,864.0,835.0,1041.0,727.0,1020.0,810.0,839.0,514.0,991.0,494.0,822.0,610.0,846.0,673.0,1020.0,653.0,819.0,492.0
176,/home/voje-lab/Desktop/NIWA_magnifica_SEM-jpg/Steginoporella magnifica/Steginoporella magnifica NIWA 122574 Z8662 4.jpg,104_457_406_432,104.0,457.0,406.0,432.0,698.0,180.0,806.0,409.0,490.0,154.0,622.0,103.0,515.0,172.0,645.0,344.0,714.0,270.0,769.0,249.0,597.0,414.0,755.0,477.0,659.0,470.0,808.0,321.0,781.0,452.0,624.0,448.0,705.0,480.0,798.0,282.0,812.0,364.0,483.0,262.0,615.0,137.0,530.0,352.0,609.0,385.0,733.0,243.0,452.0,266.0
177,/home/voje-lab/Desktop/NIWA_magnifica_SEM-jpg/Steginoporella magnifica/Steginoporella magnifica NIWA 122574 Z8662 3.jpg,414_209_384_519,414.0,209.0,384.0,519.0,446.0,538.0,479.0,771.0,290.0,435.0,408.0,435.0,299.0,459.0,343.0,662.0,426.0,626.0,481.0,630.0,291.0,701.0,384.0,810.0,323.0,768.0,493.0,700.0,432.0,793.0,303.0,740.0,350.0,791.0,490.0,664.0,490.0,738.0,242.0,529.0,388.0,461.0,255.0,621.0,304.0,684.0,461.0,607.0,216.0,521.0
178,/home/voje-lab/Desktop/NIWA_magnifica_SEM-jpg/Steginoporella magnifica/Steginoporella magnifica NIWA 122574 Z8662 3.jpg,76_382_330_499,76.0,382.0,330.0,499.0,643.0,222.0,651.0,419.0,487.0,76.0,612.0,104.0,494.0,104.0,502.0,326.0,600.0,307.0,657.0,319.0,437.0,353.0,536.0,471.0,463.0,424.0,654.0,367.0,595.0,444.0,443.0,394.0,494.0,450.0,658.0,344.0,654.0,393.0,420.0,163.0,592.0,134.0,418.0,268.0,461.0,338.0,644.0,293.0,394.0,144.0
179,/home/voje-lab/Desktop/NIWA_magnifica_SEM-jpg/Steginoporella magnifica/Steginoporella magnifica NIWA 122574 Z8662 3.jpg,28_18_378_460,28.0,18.0,378.0,460.0,256.0,126.0,331.0,365.0,63.0,52.0,189.0,32.0,83.0,77.0,176.0,279.0,261.0,225.0,319.0,214.0,149.0,341.0,257.0,409.0,202.0,390.0,339.0,281.0,294.0,391.0,177.0,372.0,228.0,401.0,336.0,245.0,340.0,320.0,44.0,164.0,178.0,62.0,75.0,261.0,145.0,307.0,286.0,199.0,15.0,161.0
180,/home/voje-lab/Desktop/NIWA_magnifica_SEM-jpg/Steginoporella magnifica/Steginoporella magnifica NIWA 93133 KWB-Feb B4.jpg,523_102_368_480,523.0,102.0,368.0,480.0,427.0,702.0,306.0,950.0,331.0,501.0,438.0,584.0,326.0,535.0,252.0,747.0,346.0,761.0,402.0,809.0,173.0,756.0,194.0,945.0,158.0,854.0,357.0,884.0,249.0,951.0,158.0,804.0,168.0,900.0,382.0,850.0,334.0,917.0,226.0,562.0,408.0,603.0,186.0,652.0,201.0,738.0,398.0,766.0,203.0,531.0
181,/home/voje-lab/Desktop/NIWA_magnifica_SEM-jpg/Steginoporella magnifica/Steginoporella magnifica NIWA 98542 KAH0907.15 20.jpg,239_509_195_262,239.0,509.0,195.0,262.0,682.0,346.0,600.0,464.0,663.0,238.0,701.0,290.0,657.0,251.0,587.0,352.0,635.0,368.0,666.0,397.0,556.0,352.0,547.0,444.0,542.0,398.0,638.0,437.0,572.0,453.0,546.0,374.0,542.0,420.0,654.0,419.0,622.0,453.0,609.0,256.0,686.0,292.0,578.0,298.0,570.0,345.0,658.0,377.0,603.0,240.0
182,/home/voje-lab/Desktop/NIWA_magnifica_SEM-jpg/Steginoporella magnifica/Steginoporella magnifica NIWA 98542 KAH0907.15 20.jpg,300_341_188_266,300.0,341.0,188.0,266.0,509.0,403.0,427.0,539.0,485.0,287.0,530.0,339.0,479.0,303.0,411.0,417.0,459.0,433.0,487.0,461.0,378.0,418.0,381.0,527.0,368.0,473.0,462.0,504.0,403.0,538.0,368.0,445.0,371.0,499.0,477.0,484.0,447.0,523.0,425.0,310.0,512.0,345.0,394.0,362.0,395.0,410.0,481.0,439.0,417.0,293.0
183,/home/voje-lab/Desktop/NIWA_magnifica_SEM-jpg/Steginoporella magnifica/Steginoporella magnifica NIWA 98542 KAH0907.15 20.jpg,429_775_208_252,429.0,775.0,208.0,252.0,956.0,542.0,857.0,663.0,959.0,429.0,989.0,486.0,949.0,443.0,858.0,534.0,895.0,560.0,923.0,589.0,830.0,528.0,806.0,627.0,810.0,572.0,900.0,631.0,830.0,645.0,818.0,548.0,804.0,597.0,914.0,611.0,883.0,650.0,897.0,439.0,972.0,487.0,860.0,477.0,843.0,525.0,916.0,571.0,893.0,421.0
184,/home/voje-lab/Desktop/NIWA_magnifica_SEM-jpg/Steginoporella magnifica/Steginoporella magnifica NIWA 98542 KAH0907.15 20.jpg,386_610_217_273,386.0,610.0,217.0,273.0,795.0,498.0,725.0,616.0,776.0,388.0,821.0,440.0,768.0,403.0,692.0,500.0,742.0,524.0,770.0,552.0,660.0,497.0,660.0,588.0,651.0,540.0,755.0,588.0,692.0,602.0,652.0,518.0,652.0,562.0,765.0,570.0,745.0,603.0,714.0,407.0,801.0,445.0,679.0,449.0,676.0,493.0,765.0,532.0,706.0,389.0
185,/home/voje-lab/Desktop/NIWA_magnifica_SEM-jpg/Steginoporella magnifica/Steginoporella magnifica NIWA 98542 KAH0907.15 20.jpg,426_936_213_268,426.0,936.0,213.0,268.0,1112.0,534.0,996.0,668.0,1113.0,428.0,1142.0,481.0,1105.0,441.0,1023.0,526.0,1060.0,549.0,1082.0,580.0,995.0,527.0,970.0,648.0,975.0,585.0,1044.0,630.0,980.0,665.0,983.0,555.0,970.0,615.0,1066.0,608.0,1021.0,651.0,1054.0,438.0,1127.0,483.0,1019.0,474.0,1008.0,518.0,1078.0,560.0,1051.0,422.0
186,/home/voje-lab/Desktop/NIWA_magnifica_SEM-jpg/Steginoporella magnifica/Steginoporella magnifica NIWA 98542 KAH0907.15 20.jpg,348_173_181_263,348.0,173.0,181.0,263.0,324.0,439.0,297.0,587.0,266.0,331.0,327.0,370.0,266.0,350.0,232.0,475.0,289.0,482.0,323.0,499.0,201.0,484.0,222.0,579.0,198.0,535.0,322.0,547.0,260.0,582.0,195.0,510.0,207.0,558.0,326.0,523.0,313.0,568.0,215.0,371.0,310.0,381.0,203.0,426.0,216.0,475.0,309.0,481.0,203.0,357.0
187,/home/voje-lab/Desktop/NIWA_magnifica_SEM-jpg/Steginoporella magnifica/Steginoporella magnifica NIWA 98542 KAH0907.15 20.jpg,622_965_218_250,622.0,965.0,218.0,250.0,1145.0,730.0,1037.0,846.0,1148.0,633.0,1176.0,680.0,1140.0,645.0,1046.0,727.0,1089.0,746.0,1115.0,771.0,1024.0,726.0,1007.0,825.0,1009.0,771.0,1084.0,813.0,1020.0,842.0,1013.0,747.0,1006.0,795.0,1103.0,794.0,1062.0,830.0,1089.0,642.0,1163.0,682.0,1048.0,677.0,1034.0,719.0,1109.0,754.0,1085.0,624.0
188,/home/voje-lab/Desktop/NIWA_magnifica_SEM-jpg/Steginoporella magnifica/Steginoporella magnifica NIWA 98542 KAH0907.15 20.jpg,600_538_190_273,600.0,538.0,190.0,273.0,700.0,706.0,631.0,844.0,672.0,605.0,719.0,650.0,667.0,623.0,604.0,725.0,651.0,736.0,668.0,762.0,573.0,727.0,591.0,840.0,570.0,784.0,652.0,805.0,612.0,848.0,566.0,756.0,578.0,811.0,659.0,784.0,644.0,825.0,618.0,628.0,702.0,657.0,588.0,672.0,590.0,720.0,669.0,740.0,608.0,611.0
189,/home/voje-lab/Desktop/NIWA_magnifica_SEM-jpg/Steginoporella magnifica/Steginoporella magnifica NIWA 98542 KAH0907.15 20.jpg,643_656_207_294,643.0,656.0,207.0,294.0,826.0,763.0,726.0,895.0,818.0,657.0,854.0,709.0,811.0,673.0,731.0,760.0,775.0,780.0,796.0,809.0,711.0,763.0,692.0,872.0,696.0,812.0,773.0,857.0,706.0,891.0,702.0,787.0,692.0,839.0,787.0,835.0,752.0,876.0,759.0,670.0,836.0,713.0,724.0,710.0,720.0,752.0,791.0,790.0,753.0,652.0
190,/home/voje-lab/Desktop/NIWA_magnifica_SEM-jpg/Steginoporella magnifica/Steginoporella magnifica NIWA 98542 KAH0907.15 20.jpg,663_793_215_253,663.0,793.0,215.0,253.0,976.0,776.0,872.0,899.0,973.0,677.0,1004.0,725.0,965.0,692.0,876.0,766.0,928.0,786.0,946.0,819.0,855.0,769.0,840.0,874.0,841.0,817.0,917.0,864.0,856.0,893.0,846.0,791.0,839.0,843.0,933.0,843.0,897.0,881.0,914.0,686.0,989.0,729.0,873.0,721.0,864.0,758.0,943.0,800.0,908.0,668.0
191,/home/voje-lab/Desktop/NIWA_magnifica_SEM-jpg/Steginoporella magnifica/Steginoporella magnifica NIWA 98542 KAH0907.15 20.jpg,588_163_149_276,588.0,163.0,149.0,276.0,299.0,682.0,261.0,823.0,252.0,585.0,303.0,619.0,251.0,602.0,224.0,716.0,265.0,717.0,286.0,736.0,193.0,724.0,218.0,826.0,196.0,780.0,278.0,782.0,240.0,829.0,191.0,753.0,204.0,804.0,283.0,759.0,272.0,803.0,206.0,619.0,289.0,631.0,192.0,669.0,206.0,713.0,283.0,716.0,196.0,605.0
192,/home/voje-lab/Desktop/NIWA_magnifica_SEM-jpg/Steginoporella magnifica/Steginoporella magnifica NIWA 98542 KAH0907.15 20.jpg,813_1028_168_147,813.0,1028.0,168.0,147.0,1204.0,918.0,1096.0,1014.0,1182.0,822.0,1231.0,868.0,1174.0,836.0,1080.0,924.0,1134.0,940.0,1171.0,963.0,1047.0,920.0,1023.0,990.0,1026.0,952.0,1141.0,991.0,1059.0,1002.0,1036.0,935.0,1020.0,970.0,1157.0,979.0,1122.0,1004.0,1111.0,838.0,1213.0,870.0,1067.0,875.0,1061.0,917.0,1168.0,947.0,1101.0,823.0
193,/home/voje-lab/Desktop/NIWA_magnifica_SEM-jpg/Steginoporella magnifica/Steginoporella magnifica NIWA 122669 B224 A3.jpg,224_14_424_624,224.0,14.0,424.0,624.0,356.0,433.0,248.0,741.0,253.0,239.0,365.0,311.0,251.0,273.0,158.0,485.0,297.0,496.0,345.0,538.0,96.0,509.0,114.0,725.0,79.0,618.0,311.0,644.0,179.0,733.0,80.0,566.0,86.0,672.0,332.0,595.0,285.0,690.0,151.0,309.0,336.0,330.0,112.0,402.0,131.0,483.0,327.0,497.0,128.0,279.0
194,/home/voje-lab/Desktop/NIWA_magnifica_SEM-jpg/Steginoporella magnifica/Steginoporella magnifica NIWA 122669 B224 C3.jpg,516_243_390_512,516.0,243.0,390.0,512.0,585.0,677.0,508.0,942.0,468.0,505.0,596.0,569.0,467.0,543.0,415.0,720.0,527.0,727.0,580.0,767.0,319.0,743.0,369.0,930.0,315.0,841.0,556.0,857.0,436.0,938.0,307.0,793.0,335.0,889.0,573.0,815.0,538.0,898.0,359.0,579.0,559.0,596.0,329.0,659.0,355.0,721.0,563.0,727.0,333.0,548.0
195,/home/voje-lab/Desktop/NIWA_magnifica_SEM-jpg/Steginoporella magnifica/Steginoporella magnifica NIWA 122669 B224 C3.jpg,21_304_377_563,21.0,304.0,377.0,563.0,615.0,228.0,520.0,472.0,516.0,32.0,628.0,103.0,510.0,67.0,447.0,262.0,547.0,280.0,603.0,332.0,366.0,281.0,397.0,454.0,360.0,373.0,571.0,411.0,456.0,463.0,356.0,328.0,372.0,416.0,590.0,375.0,551.0,444.0,407.0,96.0,594.0,128.0,371.0,188.0,390.0,260.0,594.0,294.0,386.0,64.0
196,/home/voje-lab/Desktop/NIWA_magnifica_SEM-jpg/Steginoporella magnifica/Steginoporella magnifica NIWA 122669 B224 C3.jpg,740_550_401_481,740.0,550.0,401.0,481.0,900.0,888.0,832.0,1090.0,785.0,747.0,906.0,795.0,784.0,780.0,717.0,928.0,831.0,927.0,887.0,964.0,634.0,959.0,686.0,1111.0,624.0,1040.0,870.0,1028.0,759.0,1101.0,619.0,999.0,646.0,1082.0,884.0,1000.0,855.0,1056.0,678.0,817.0,872.0,819.0,643.0,887.0,665.0,932.0,879.0,930.0,655.0,786.0
